0,1,2,3,4,5,6,7,8,9,10,11,12,13,14,15,16
2,0,0,2,0,0,0,0,0,0,0,0,0,2,0,0,0
2,2,0,2,0,0,0,0,0,0,2,0,0,0,0,0,0
0,0,2,4,0,0,0,0,0,0,0,2,2,0,0,0,4
0,0,2,4,0,0,0,0,0,2,0,2,0,0,0,2,4
0,0,2,4,0,0,0,0,2,0,0,4,0,0,0,2,8
2,4,0,0,2,0,0,0,2,4,0,0,2,0,0,0,8
0,0,2,4,0,0,0,2,0,0,2,4,0,2,0,2,8
0,2,4,4,0,2,0,2,0,0,0,4,0,0,0,2,12
0,4,4,4,0,0,0,2,0,0,0,4,2,0,0,2,16
2,4,4,4,0,0,0,2,0,0,0,4,2,0,0,2,16
2,2,4,8,0,0,0,2,0,0,0,4,0,0,0,4,28
0,4,4,8,0,0,0,2,0,2,0,4,0,0,0,4,32
0,4,4,8,0,2,0,2,0,0,0,8,0,2,0,0,40
0,4,4,8,0,4,0,2,0,0,2,8,0,0,0,0,44
0,2,8,8,0,0,4,2,0,0,2,8,0,0,0,0,52
0,2,8,8,0,0,4,2,0,0,2,8,0,0,0,0,52
2,16,0,0,4,2,0,0,2,8,0,0,0,0,0,2,68
2,16,0,2,4,2,0,0,2,8,0,0,2,0,0,0,68
2,16,2,0,4,2,0,0,2,8,0,0,2,0,0,2,68
2,16,2,0,4,2,0,0,2,8,0,0,4,0,0,2,72
2,0,0,0,4,16,0,0,2,2,2,0,4,8,2,2,72
2,16,4,2,4,2,0,0,2,8,2,0,4,0,0,0,76
2,16,4,2,4,2,2,0,2,8,2,0,4,0,0,0,76
2,16,4,2,0,2,4,4,0,2,8,2,0,0,0,4,80
2,16,4,2,2,8,0,0,2,8,2,0,4,0,2,0,88
4,16,4,2,2,16,4,0,4,0,0,0,0,0,0,2,112
4,16,4,2,2,16,4,0,4,2,0,0,2,0,0,0,112
4,16,4,2,2,16,4,0,4,2,0,0,2,0,0,0,112
4,0,0,0,2,2,0,0,4,32,0,0,2,2,8,2,152
0,2,0,4,0,0,0,4,0,0,4,32,0,4,8,2,160
0,2,4,8,0,4,8,32,0,0,0,2,0,0,2,0,168
2,0,0,0,0,0,4,8,0,2,8,32,0,4,2,2,168
2,0,0,0,0,0,4,8,0,2,8,32,2,4,2,2,168
2,0,0,0,4,8,0,2,2,8,32,0,2,4,4,0,172
0,0,0,2,0,4,8,2,0,2,8,32,0,2,2,8,180
0,4,16,4,2,4,2,32,0,0,0,8,0,0,0,0,204
0,0,0,0,0,0,0,4,2,0,16,32,2,8,2,8,212
4,8,16,4,0,0,2,32,0,0,0,8,2,0,0,0,216
4,8,16,4,0,2,2,32,0,0,0,8,0,0,0,2,216
4,8,16,4,0,2,2,32,0,0,0,8,0,0,0,2,216
0,2,0,4,0,0,0,32,0,8,16,8,4,2,2,2,216
4,2,16,4,4,8,2,32,0,2,0,8,0,0,0,2,216
2,0,0,4,0,2,0,32,0,8,16,8,8,2,2,2,224
2,2,16,4,8,8,2,32,0,2,0,8,0,0,2,2,224
0,2,0,4,0,2,0,32,2,8,16,8,8,2,4,2,228
0,0,2,4,0,2,2,32,2,8,16,8,8,2,4,2,228
2,2,4,4,8,8,16,32,0,2,4,8,0,0,2,2,232
2,2,4,4,8,8,16,32,0,2,4,8,0,0,2,2,232
2,2,4,4,8,8,16,32,0,2,4,8,0,0,2,2,232
4,8,0,0,16,16,32,0,2,4,8,0,4,0,2,0,264
4,2,0,0,16,8,32,0,2,16,8,0,4,4,2,0,264
0,0,4,2,2,16,8,32,0,2,16,8,0,0,8,2,272
2,16,4,2,0,2,8,32,0,2,16,8,0,0,8,2,272
2,16,4,2,0,2,8,32,0,2,16,8,0,0,8,2,272
2,16,4,2,2,8,32,0,2,16,8,0,8,2,0,2,272
0,16,0,0,2,8,4,2,4,16,32,0,8,2,8,4,280
16,0,0,2,2,8,4,2,4,16,32,0,8,2,8,4,280
2,0,16,2,2,8,4,2,0,4,16,32,8,2,8,4,280
0,2,16,0,0,8,4,4,4,4,16,32,8,2,8,4,288
2,0,2,16,0,0,8,8,0,8,16,32,8,2,8,4,304
0,2,4,16,0,0,0,16,0,8,16,32,8,2,8,4,324
0,0,0,2,0,2,4,32,0,8,16,32,8,2,8,4,356
0,0,0,0,0,2,4,2,2,8,16,64,8,2,8,4,420
0,0,0,0,0,2,4,2,2,8,16,64,8,2,8,4,420
0,0,0,0,0,2,4,2,2,8,16,64,8,2,8,4,420
2,2,4,2,8,8,16,64,0,2,8,4,0,2,0,0,420
0,0,0,2,0,2,4,2,2,8,16,64,8,4,8,4,424
0,0,0,2,0,2,4,2,2,8,16,64,8,4,8,4,424
0,2,0,0,0,2,4,4,2,8,16,64,8,4,8,4,428
0,0,2,0,0,4,4,4,2,8,16,64,8,4,8,4,432
2,0,0,0,8,4,0,2,2,8,16,64,8,4,8,4,440
2,0,0,0,8,4,0,2,2,8,16,64,8,4,8,4,440
2,0,0,2,0,8,4,2,2,8,16,64,8,4,8,4,440
4,0,0,2,8,4,2,0,2,8,16,64,8,4,8,4,444
4,2,0,0,8,4,2,2,2,8,16,64,8,4,8,4,444
0,2,4,2,0,8,4,4,2,8,16,64,8,4,8,4,448
2,4,2,0,8,8,0,2,2,8,16,64,8,4,8,4,456
0,2,4,2,0,2,16,2,2,8,16,64,8,4,8,4,472
2,4,2,0,2,16,2,2,2,8,16,64,8,4,8,4,472
0,4,0,2,2,16,4,2,4,8,16,64,8,4,8,4,480
4,2,2,0,2,16,4,2,4,8,16,64,8,4,8,4,480
2,0,4,4,2,16,4,2,4,8,16,64,8,4,8,4,484
4,16,8,4,4,8,16,2,8,4,8,64,2,0,0,4,496
4,16,8,4,4,8,16,2,8,4,8,64,2,0,2,4,496
2,0,8,4,8,16,16,2,8,8,8,64,2,4,2,4,504
2,0,8,4,2,16,16,2,16,8,8,64,2,4,2,4,520
0,2,8,4,2,2,32,2,0,16,16,64,2,4,2,4,568
0,2,8,4,0,4,32,2,0,2,32,64,2,4,2,4,604
2,8,4,0,4,32,2,0,2,32,64,2,2,4,2,4,604
2,0,4,0,2,8,2,0,4,64,64,2,4,4,2,4,672
0,0,4,0,2,8,2,0,4,64,64,2,8,4,2,4,684
2,8,4,2,4,64,2,4,8,4,64,0,2,0,2,0,684
2,0,4,2,4,8,2,0,8,64,64,2,2,4,2,4,684
2,4,2,0,4,8,2,0,8,128,2,4,2,4,2,4,812
0,2,4,2,2,4,8,2,8,128,2,4,2,4,2,4,812
0,2,4,2,2,4,8,2,8,128,2,4,2,4,2,4,812
0,2,4,2,2,4,8,2,8,128,2,4,2,4,2,4,812
2,4,2,2,2,4,8,2,8,128,2,4,2,4,2,4,812
2,4,4,2,2,4,8,2,8,128,2,4,2,4,2,4,816
4,8,4,4,8,128,8,8,2,4,4,0,0,0,0,2,844
0,4,8,8,2,8,128,16,0,0,2,8,0,0,0,2,876
0,2,0,8,0,0,8,16,0,4,128,8,2,8,2,2,876
0,0,0,8,0,2,8,16,2,4,128,8,2,8,2,2,876
8,2,0,0,2,8,16,0,2,4,128,8,2,8,4,0,880
8,2,0,0,2,8,16,0,2,4,128,8,2,8,4,0,880
0,2,2,0,8,8,16,0,2,4,128,0,4,8,4,8,884
0,2,2,0,8,8,16,0,2,4,128,0,4,8,4,8,884
8,2,2,8,2,8,16,4,4,4,128,0,0,8,4,0,884
0,2,2,0,8,8,16,2,2,4,128,8,4,8,4,4,884
4,0,2,0,16,16,2,0,2,4,128,8,4,8,8,0,912
0,0,4,2,0,2,32,2,2,4,128,8,0,0,4,16,960
0,0,4,2,0,2,32,2,2,4,128,8,0,0,4,16,960
0,4,4,0,0,0,32,4,0,2,128,8,2,4,4,16,964
0,0,2,8,0,0,32,4,0,2,128,8,0,2,8,16,980
0,4,2,8,0,0,32,4,2,0,128,8,0,0,8,16,984
2,4,2,8,0,0,32,4,0,2,128,8,0,0,8,16,984
0,0,2,8,0,2,32,4,0,4,128,8,2,2,8,16,984
2,8,0,0,2,32,4,0,4,128,8,4,4,8,16,0,988
0,8,0,0,0,32,4,2,4,128,8,0,8,8,16,4,1000
0,0,0,8,2,32,4,2,0,4,128,8,0,16,16,4,1016
2,0,0,8,2,32,4,2,0,4,128,8,0,0,32,4,1048
4,32,4,8,0,4,128,2,0,2,32,8,0,0,0,4,1052
4,32,4,8,0,4,128,2,0,2,32,8,0,0,0,4,1052
4,32,4,8,0,4,128,2,0,2,32,8,0,0,0,4,1052
0,0,0,8,2,32,4,2,0,4,128,8,4,2,32,4,1052
8,0,0,0,2,32,4,2,4,128,8,2,4,2,32,4,1052
8,32,4,4,2,128,8,4,8,2,32,0,0,2,0,0,1064
8,32,4,8,2,128,8,0,8,4,32,0,0,0,0,2,1076
8,32,4,8,0,2,128,8,2,8,4,32,0,0,0,2,1076
8,32,4,8,0,2,128,8,2,8,4,32,0,0,0,2,1076
0,0,0,0,4,32,4,16,8,2,128,32,2,8,4,2,1092
4,32,4,16,8,2,128,32,2,8,4,2,0,0,0,2,1092
4,32,4,16,8,2,128,32,2,8,4,4,0,4,0,0,1096
4,32,4,16,8,2,128,32,2,8,8,0,4,2,0,0,1104
4,32,4,16,8,2,128,32,4,0,2,16,0,0,4,2,1120
4,32,4,16,8,2,128,32,0,4,2,16,0,2,4,2,1120
4,32,4,16,8,2,128,32,0,4,2,16,0,2,4,2,1120
2,32,4,16,0,2,128,32,4,4,2,16,8,2,4,2,1120
2,32,4,16,2,128,32,0,8,2,16,2,8,2,4,2,1128
2,0,4,0,0,32,32,0,4,128,16,16,16,4,4,4,1156
2,4,0,0,64,2,0,0,4,128,32,0,16,8,4,0,1260
2,4,0,0,64,2,0,0,4,128,32,0,16,8,4,0,1260
2,4,32,0,64,2,4,0,4,128,2,0,16,8,0,0,1260
2,4,2,0,64,2,32,0,4,128,4,0,16,8,2,0,1260
0,2,4,2,0,64,2,32,2,4,128,4,0,16,8,2,1260
4,2,4,2,0,64,2,32,0,4,128,4,2,16,8,2,1260
4,2,4,2,64,2,32,2,4,128,4,0,2,16,8,2,1260
4,4,4,4,64,128,32,2,4,16,4,2,2,0,8,0,1268
8,8,0,0,64,128,32,2,4,16,4,2,2,8,0,2,1284
8,8,0,0,64,128,2,0,4,16,32,2,2,8,4,4,1288
0,0,0,16,0,64,128,2,4,16,32,2,4,2,8,8,1312
0,0,0,0,2,64,128,16,0,16,32,4,8,2,8,8,1324
2,64,128,16,8,16,32,4,0,2,8,8,0,2,0,0,1324
2,64,128,16,8,16,32,4,2,16,0,0,2,0,0,2,1340
2,64,128,16,8,32,32,4,4,0,2,2,0,0,0,0,1376
2,64,128,16,8,64,4,0,4,4,0,0,0,0,2,0,1444
2,128,128,16,8,4,4,0,4,0,2,0,0,0,0,4,1572
2,256,16,0,8,8,0,2,4,2,0,0,4,0,0,0,1836
0,0,0,0,2,256,0,2,8,8,0,0,8,2,16,2,1844
2,0,0,0,0,256,0,0,2,8,0,0,16,2,16,4,1864
0,0,0,2,2,0,0,256,0,0,2,8,16,2,16,4,1864
0,0,2,2,0,0,0,256,2,0,2,8,16,2,16,4,1864
0,0,0,4,0,0,0,256,2,0,4,8,16,2,16,4,1872
0,0,0,4,2,0,0,256,0,2,4,8,16,2,16,4,1872
2,4,4,4,16,0,16,256,0,2,0,8,0,0,0,4,1876
2,4,4,4,16,2,16,256,2,0,0,8,0,0,0,4,1876
2,8,4,0,16,2,16,256,2,8,0,0,4,0,2,0,1884
0,2,8,4,16,2,16,256,2,0,2,8,0,0,4,2,1884
2,8,4,0,16,2,16,256,4,8,0,2,4,2,0,0,1888
2,8,4,0,16,2,16,256,4,8,2,0,4,2,0,2,1888
2,8,4,0,16,2,16,256,4,8,2,2,4,4,0,0,1892
0,8,2,0,2,2,4,0,16,8,16,256,8,4,2,2,1900
0,8,2,0,2,2,4,0,16,8,16,256,8,4,2,2,1900
0,8,2,0,2,2,4,0,16,8,16,256,8,4,2,2,1900
8,2,0,0,4,4,0,2,16,8,16,256,8,4,4,0,1908
8,2,16,2,4,4,4,256,16,8,2,0,8,4,0,0,1908
8,2,0,2,4,4,16,0,16,8,4,2,8,4,2,256,1908
8,4,0,2,8,16,0,0,16,8,4,2,8,4,2,256,1920
8,4,2,4,8,16,0,0,16,8,4,2,8,4,2,256,1920
4,4,0,0,16,16,2,4,16,8,4,2,8,4,2,256,1936
8,0,0,0,32,2,4,2,16,8,4,2,8,4,2,256,1976
8,0,0,0,32,2,4,2,16,8,4,2,8,4,2,256,1976
8,0,0,0,32,2,4,2,16,8,4,2,8,4,2,256,1976
8,0,2,0,32,2,0,0,16,8,8,4,8,4,2,256,1988
8,2,2,4,32,8,8,256,16,4,2,0,8,2,0,0,1988
8,4,4,0,32,16,256,0,16,4,2,0,8,2,2,0,2008
8,4,4,0,32,16,256,0,16,4,4,0,8,2,2,0,2012
0,0,8,8,0,32,16,256,0,2,16,8,0,0,8,4,2032
0,0,0,16,2,32,16,256,0,2,16,8,0,0,8,4,2048
2,0,0,16,0,0,0,256,0,32,32,8,2,2,8,4,2080
2,16,0,0,256,0,0,0,64,8,0,2,4,8,4,0,2148
2,0,0,2,256,0,0,0,64,16,0,0,4,16,4,2,2164
2,32,4,4,256,0,0,0,64,0,0,0,4,0,0,2,2200
2,32,8,0,256,0,0,0,64,2,0,0,4,2,0,0,2208
2,2,0,0,256,0,0,0,64,32,0,0,4,4,8,0,2212
2,0,2,0,256,2,0,0,64,32,0,0,4,4,8,0,2212
2,2,2,0,256,32,8,2,64,4,0,0,4,0,0,0,2212
4,2,0,0,256,32,8,2,64,4,0,0,4,0,2,0,2216
0,0,4,2,256,32,8,2,4,0,64,4,0,0,4,2,2216
256,32,4,4,4,0,8,4,0,2,64,2,0,0,4,0,2220
0,256,32,8,2,4,8,4,0,2,64,2,0,0,0,4,2228
0,2,0,8,0,256,32,4,0,4,8,2,2,2,64,4,2228
2,8,0,0,256,32,4,0,4,8,2,2,4,64,4,0,2232
0,8,0,0,2,32,4,2,256,8,2,0,8,64,4,2,2240
0,8,0,0,2,32,4,2,256,8,2,0,8,64,4,4,2244
0,8,2,0,2,32,4,0,256,8,2,2,8,64,4,4,2244
0,8,2,0,2,32,4,0,256,8,2,2,8,64,4,4,2244
0,8,2,0,2,32,4,0,256,8,2,2,8,64,4,4,2244
2,8,2,2,256,32,4,4,8,8,2,2,0,64,4,0,2244
2,8,2,2,256,32,4,4,8,8,2,2,0,64,4,0,2244
2,8,4,0,256,32,8,0,16,4,2,0,64,4,0,0,2276
2,8,4,0,256,32,8,2,16,8,2,0,64,0,0,0,2284
2,0,0,2,256,8,4,0,16,32,8,0,64,8,2,2,2284
2,8,4,4,256,32,8,0,16,8,2,0,64,0,0,2,2288
2,8,4,4,256,32,8,2,16,8,2,2,64,0,0,0,2288
0,2,8,8,256,32,8,2,2,16,8,4,0,0,0,64,2300
0,2,0,8,0,2,0,2,256,32,8,4,2,16,16,64,2316
2,8,2,0,4,0,0,0,256,32,8,4,2,32,64,0,2352
2,0,0,0,4,0,2,2,256,8,8,0,2,64,64,4,2416
2,0,0,2,4,0,2,0,256,8,8,2,2,64,64,4,2416
2,2,0,0,4,0,2,0,256,8,8,4,2,64,64,4,2420
4,0,0,0,4,2,0,2,256,16,4,0,2,128,4,0,2568
8,2,8,2,256,16,0,0,2,128,0,0,0,0,0,2,2584
8,2,8,4,256,16,2,0,2,128,0,0,0,0,0,0,2588
8,2,8,4,256,16,2,0,2,128,0,0,0,0,0,0,2588
0,0,0,0,8,2,0,2,256,16,8,0,2,128,2,4,2588
0,0,0,0,0,2,8,4,0,256,16,8,2,128,2,4,2592
0,0,0,0,0,2,8,4,0,256,16,8,2,128,2,4,2592
2,2,8,4,0,256,16,8,0,128,2,4,0,0,0,2,2592
2,2,8,4,0,256,16,8,0,128,2,4,0,0,0,2,2592
2,2,8,4,0,256,16,8,0,128,2,4,0,0,0,2,2592
4,8,4,0,256,16,8,0,128,2,4,0,2,0,0,2,2596
4,8,4,2,256,16,8,0,128,2,4,0,2,0,2,0,2596
4,8,4,2,256,16,8,0,128,2,4,0,2,0,2,0,2596
4,8,4,2,256,16,8,2,128,2,4,0,4,0,0,0,2600
4,8,4,4,256,16,8,2,128,2,4,0,4,0,0,0,2604
0,4,8,8,256,16,8,2,0,128,2,4,0,0,2,4,2612
0,0,4,0,0,4,0,8,0,16,16,2,256,128,4,8,2640
2,0,0,0,0,4,4,8,0,16,16,2,256,128,4,8,2640
2,0,2,0,8,8,0,0,32,2,0,0,256,128,4,8,2680
4,0,0,0,16,2,0,0,32,2,0,0,256,128,4,8,2700
0,0,0,4,2,0,16,2,0,0,32,2,256,128,4,8,2700
0,0,0,0,0,2,16,4,2,0,32,4,256,128,4,8,2704
0,2,0,0,0,0,16,0,2,2,32,8,256,128,4,8,2712
2,4,16,16,256,128,32,0,2,0,4,0,0,0,0,0,2732
0,2,4,32,0,256,128,32,0,2,2,4,0,0,0,0,2764
2,4,32,0,256,128,32,2,4,4,0,0,0,0,0,0,2768
0,0,0,0,2,4,0,0,256,128,0,2,4,4,64,2,2832
0,0,0,0,2,4,0,0,256,128,0,2,4,4,64,4,2836
0,0,0,0,0,0,2,4,2,256,128,2,0,8,64,4,2844
0,0,0,0,0,0,2,4,2,256,128,2,2,8,64,4,2844
4,256,2,4,0,8,128,2,0,0,64,4,0,0,0,2,2848
4,256,2,4,8,128,2,0,64,4,2,0,2,0,0,0,2848
4,256,2,4,8,128,2,0,64,4,2,0,2,0,0,0,2848
4,2,0,0,8,256,0,0,64,128,2,0,2,4,4,4,2852
4,2,0,0,8,256,2,0,64,128,2,0,2,8,4,0,2860
4,2,0,0,8,256,2,0,64,128,2,0,2,8,4,0,2860
0,0,4,2,0,8,256,2,4,64,128,2,0,2,8,4,2860
4,2,2,0,8,256,2,0,4,64,128,2,2,8,4,0,2860
4,2,0,0,8,256,4,0,4,64,128,2,2,8,4,2,2864
4,2,0,2,8,256,4,0,4,64,128,0,2,8,4,4,2868
4,4,0,4,8,256,4,0,4,64,128,0,2,8,8,0,2880
4,4,0,0,8,256,4,0,4,64,128,2,2,8,8,4,2880
0,0,0,8,2,8,256,4,4,64,128,2,0,2,16,4,2904
2,0,0,8,0,8,256,4,2,64,128,2,4,2,16,4,2904
0,0,0,8,2,8,256,4,4,64,128,2,4,2,16,4,2908
0,0,0,8,2,8,256,4,4,64,128,2,4,2,16,4,2908
2,8,256,8,8,64,128,4,0,2,16,2,2,0,0,4,2916
2,8,256,8,8,64,128,4,0,2,16,2,2,0,2,4,2916
2,8,256,8,8,64,128,4,0,2,16,2,2,0,4,4,2920
2,8,256,8,8,64,128,4,2,2,16,2,0,0,2,8,2928
2,8,256,8,8,64,128,4,4,16,2,2,2,8,0,0,2932
2,8,256,8,8,64,128,4,2,4,16,4,0,0,2,8,2936
2,8,256,8,8,64,128,4,2,4,16,4,2,8,0,2,2936
2,8,256,8,8,64,128,4,2,4,16,4,2,2,8,2,2936
2,8,256,8,8,64,128,8,4,4,16,2,0,2,8,4,2948
2,8,256,8,8,64,128,8,8,16,2,2,2,8,4,0,2956
2,8,256,16,16,64,128,2,2,16,2,2,0,8,4,0,2988
2,8,256,16,16,64,128,2,2,16,4,0,8,4,2,0,2992
2,8,256,0,16,64,128,2,2,16,4,16,8,4,2,2,2992
4,2,8,256,16,64,128,2,2,16,4,16,0,8,4,4,2996
4,2,8,256,16,64,128,2,2,16,4,16,2,0,8,8,3004
4,2,8,256,16,64,128,2,4,16,4,16,0,2,8,8,3008
2,2,8,256,4,64,128,2,16,16,4,16,4,2,8,8,3008
4,8,256,0,4,64,128,2,32,4,16,0,4,2,16,2,3060
2,8,0,0,8,64,256,0,32,4,128,0,4,2,32,4,3104
2,8,0,0,8,64,256,0,32,4,128,0,4,2,32,4,3104
2,8,0,0,8,64,256,0,32,4,128,0,4,2,32,4,3104
2,8,0,0,8,64,256,0,32,4,128,0,4,2,32,4,3104
0,0,2,8,4,8,64,256,0,32,4,128,4,2,32,4,3104
8,8,2,8,0,32,64,256,2,2,4,128,0,0,32,4,3112
2,0,2,8,0,8,64,256,8,32,4,128,2,2,32,4,3112
4,8,0,0,8,64,256,4,8,32,4,128,4,32,4,0,3120
0,0,0,0,4,8,2,0,16,64,256,4,4,64,8,128,3208
4,8,2,4,16,128,256,128,4,2,8,0,0,0,0,0,3336
4,8,2,4,16,128,256,128,4,2,8,0,0,0,0,0,3336
4,8,2,4,16,128,256,128,4,2,8,0,0,0,0,0,3336
4,8,2,4,16,128,256,128,4,2,8,0,0,0,0,0,3336
4,8,2,4,16,128,256,128,4,2,8,0,0,0,0,0,3336
0,0,0,0,4,8,2,2,16,128,256,4,4,2,8,128,3336
0,0,0,0,4,8,2,2,16,128,256,4,4,2,8,128,3336
0,0,0,0,4,8,2,2,16,128,256,4,4,2,8,128,3336
4,8,2,2,16,128,256,4,4,2,8,128,0,2,0,0,3336
4,8,2,2,16,128,256,4,4,4,8,128,0,0,2,0,3340
4,8,2,2,16,128,256,4,4,4,8,128,0,0,2,0,3340
4,8,4,0,16,128,256,4,8,8,128,0,2,0,2,0,3352
4,8,4,2,16,128,256,4,16,128,0,0,4,0,0,0,3372
0,0,0,0,4,0,2,0,32,8,4,2,4,256,256,4,3660
0,0,0,0,2,0,4,2,32,8,4,2,0,4,512,4,4172
0,0,0,0,2,4,2,0,32,8,4,2,4,512,4,2,4172
2,0,0,0,0,2,4,2,32,8,4,2,4,512,4,2,4172
2,0,2,0,2,4,2,0,32,8,4,2,4,512,4,2,4172
4,0,0,2,2,4,2,0,32,8,4,2,4,512,4,2,4176
4,2,2,0,2,4,2,0,32,8,4,2,4,512,4,2,4176
4,2,0,0,2,4,0,2,32,8,4,0,4,512,8,4,4192
4,2,0,0,2,4,2,0,32,8,4,2,4,512,8,4,4192
4,2,0,0,2,4,2,0,32,8,4,2,4,512,8,4,4192
4,2,2,2,2,4,4,4,32,8,8,2,4,512,0,0,4192
4,2,2,2,2,4,4,4,32,8,8,2,4,512,0,0,4192
0,4,2,4,2,2,4,8,0,32,16,2,0,0,4,512,4220
2,0,2,4,0,4,4,8,0,2,16,2,2,32,4,512,4220
4,4,0,0,8,8,0,2,2,16,2,0,2,32,4,512,4232
8,0,2,0,16,2,0,0,2,16,2,0,2,32,4,512,4256
2,0,8,2,0,0,16,2,0,2,16,2,2,32,4,512,4256
4,2,8,4,0,32,32,2,2,0,4,512,0,0,0,0,4296
4,2,8,4,2,0,64,2,0,2,4,512,0,0,0,0,4360
4,2,8,4,2,64,2,0,2,4,512,0,2,0,0,0,4360
4,2,8,4,4,64,2,0,2,4,512,0,0,2,0,0,4364
4,2,8,4,4,64,2,2,2,4,512,0,2,0,0,0,4364
4,2,8,4,4,64,4,0,2,4,512,0,2,0,2,0,4368
4,2,8,4,4,64,4,0,2,4,512,0,4,0,4,0,4372
8,2,8,4,2,64,4,0,4,4,512,0,0,0,4,2,4380
8,2,8,4,2,64,4,2,4,4,512,0,0,0,4,2,4380
8,2,8,4,2,64,4,2,8,512,0,2,4,2,0,0,4388
8,2,0,2,2,64,0,0,8,512,8,4,4,2,4,4,4392
8,2,8,2,2,64,4,8,8,512,4,0,4,2,0,0,4400
8,2,8,2,2,64,4,8,8,512,4,0,4,2,0,0,4400
8,2,8,2,2,64,4,8,8,512,4,0,4,2,0,0,4400
8,2,8,2,2,64,8,8,8,512,0,2,4,2,0,0,4408
8,2,16,2,2,64,0,8,8,512,0,2,4,2,2,0,4424
8,2,2,0,2,64,0,2,8,512,16,8,4,2,2,2,4424
8,2,2,2,2,64,16,8,8,512,2,2,4,2,0,2,4424
8,2,2,2,2,64,16,8,8,512,2,4,4,2,2,0,4428
8,2,2,2,2,64,16,8,8,512,4,4,4,2,0,2,4432
8,4,2,0,2,64,16,8,8,512,8,0,4,4,0,2,4448
8,4,2,0,2,64,2,0,8,512,16,8,4,4,8,2,4448
4,8,4,2,0,2,64,2,8,512,16,8,0,8,8,2,4456
2,8,4,0,0,2,64,4,4,512,16,8,8,8,8,2,4460
2,2,8,4,0,2,64,4,4,512,16,8,0,8,16,2,4476
2,4,8,8,4,512,64,8,0,8,32,2,2,0,0,0,4520
2,4,8,16,4,512,64,2,2,8,32,0,0,0,0,2,4536
2,4,8,16,4,512,64,2,2,8,32,0,2,0,2,0,4536
2,4,8,16,4,512,64,2,2,8,32,2,4,0,0,0,4540
2,0,0,0,4,4,8,2,2,512,64,16,4,8,32,4,4544
0,2,0,2,0,8,8,2,2,512,64,16,4,8,32,4,4552
0,2,0,0,2,8,8,4,2,512,64,16,4,8,32,4,4556
0,2,0,0,2,8,8,4,4,512,64,16,4,8,32,4,4560
2,2,8,4,8,8,64,16,0,512,32,4,0,8,2,0,4568
0,4,8,4,0,16,64,16,0,512,32,4,0,4,8,2,4588
0,4,8,4,0,16,64,16,0,512,32,4,0,4,8,2,4588
0,4,8,4,0,16,64,16,0,512,32,4,0,4,8,2,4588
4,8,4,2,16,64,16,0,512,32,4,0,4,8,2,0,4588
4,8,4,2,16,64,16,0,512,32,4,0,4,8,2,0,4588
4,8,4,2,16,64,16,0,512,32,4,0,4,8,2,0,4588
4,8,4,0,16,64,16,0,512,32,4,2,4,8,2,2,4588
4,8,4,4,16,64,16,0,512,32,4,2,4,8,2,0,4592
4,8,4,0,16,64,16,2,512,32,4,4,4,8,2,2,4592
4,8,4,2,16,64,16,2,512,32,8,0,4,8,4,0,4604
4,8,4,2,16,64,16,2,0,512,32,8,2,4,8,4,4604
4,8,4,2,16,64,16,2,0,512,32,8,2,4,8,4,4604
4,8,4,2,16,64,16,2,512,32,8,2,2,4,8,4,4604
4,8,4,2,16,64,16,2,512,32,8,2,2,4,8,4,4604
4,8,4,2,16,64,16,2,512,32,8,2,2,4,8,4,4604
4,8,4,2,16,64,16,2,512,32,8,2,2,4,8,4,4604
4,8,4,2,16,64,16,2,512,32,8,2,2,4,8,4,4604
4,8,4,2,16,64,16,2,512,32,8,2,2,4,8,4,4604
4,8,4,2,16,64,16,2,512,32,8,2,2,4,8,4,4604
4,8,4,2,16,64,16,2,512,32,8,2,2,4,8,4,4604
4,8,4,0,16,64,4,2,512,32,16,4,2,4,16,4,4624
4,8,0,0,16,64,0,2,512,32,8,2,2,4,32,8,4672
4,8,8,4,16,64,32,8,512,32,0,0,2,4,0,2,4676
4,16,4,0,16,64,32,8,512,32,4,0,2,4,2,0,4692
4,16,4,0,16,64,32,8,512,32,4,0,2,4,2,0,4692
2,4,16,4,16,64,32,8,0,512,32,4,0,2,4,2,4692
2,4,16,4,16,64,64,8,2,512,4,4,0,2,0,2,4756
2,4,16,4,16,64,64,8,2,512,4,4,0,2,0,2,4756
2,4,16,4,16,128,8,0,2,512,8,0,4,0,2,0,4896
2,4,16,4,16,128,16,0,2,512,2,0,4,0,0,2,4912
2,4,32,4,16,128,2,2,2,512,2,0,4,0,0,0,4944
2,4,32,4,16,128,4,0,2,512,2,2,4,0,0,0,4948
2,4,32,4,0,16,128,4,2,2,512,4,0,0,0,4,4952
0,0,0,2,0,4,32,0,0,16,128,8,4,2,512,8,4972
2,2,0,0,4,32,0,0,16,128,8,0,4,2,512,8,4972
2,2,8,8,4,32,512,0,16,128,0,0,4,2,4,0,4972
2,2,2,0,4,32,8,0,16,128,512,0,4,2,4,8,4972
4,2,0,0,4,32,8,2,16,128,512,0,4,2,4,8,4976
0,0,4,2,4,32,8,2,2,16,128,512,4,2,4,8,4976
4,32,4,4,2,16,8,512,4,2,128,8,2,0,4,0,4980
4,32,4,4,2,16,8,512,4,2,128,8,2,0,4,0,4980
4,0,4,2,2,32,8,4,4,16,128,512,2,2,4,8,4980
0,2,8,2,2,32,8,4,4,16,128,512,0,4,4,8,4992
2,8,2,0,2,32,8,4,4,16,128,512,8,8,4,0,5000
2,8,2,4,2,32,8,4,4,16,128,512,16,4,0,0,5016
0,8,0,0,4,32,2,2,4,16,8,8,16,4,128,512,5028
8,0,0,2,4,32,4,0,4,16,16,0,16,4,128,512,5048
0,0,8,2,0,4,32,4,2,0,4,32,16,4,128,512,5080
2,8,8,2,16,2,32,4,0,0,4,32,0,0,128,512,5088
2,16,2,0,16,2,32,4,4,32,0,2,128,512,0,0,5104
2,16,0,0,16,2,2,0,4,32,2,4,128,512,32,2,5104
2,16,0,2,16,2,0,0,4,32,4,4,128,512,32,2,5108
2,16,2,2,16,2,0,0,4,32,8,0,128,512,32,2,5116
0,2,16,4,2,0,16,2,0,4,32,8,128,512,32,2,5120
0,2,0,4,0,2,0,2,2,4,32,8,128,512,64,2,5216
2,4,0,2,4,0,0,0,2,4,32,8,128,512,64,2,5220
0,2,4,2,0,2,0,4,2,4,32,8,128,512,64,2,5220
2,4,2,0,2,4,0,2,2,4,32,8,128,512,64,2,5220
4,8,2,2,2,4,32,8,128,512,64,2,0,0,2,0,5232
2,4,8,4,2,4,32,8,128,512,64,2,0,0,0,2,5236
4,8,8,4,128,512,32,8,0,0,64,4,0,0,2,0,5252
0,4,16,4,128,512,32,8,0,0,64,4,0,2,0,2,5268
0,2,0,4,0,4,16,8,0,512,32,4,128,2,64,2,5268
0,2,0,4,0,4,16,8,0,512,32,4,128,2,64,2,5268
2,0,2,4,0,4,16,8,0,512,32,4,128,2,64,2,5268
0,2,4,4,0,4,16,8,0,512,32,4,128,2,64,2,5272
2,8,0,2,4,16,8,0,512,32,4,0,128,2,64,2,5280
2,8,8,4,4,16,4,0,512,32,64,0,128,2,2,0,5284
2,8,8,0,4,16,4,0,512,32,64,2,128,2,2,4,5284
2,16,0,0,4,16,4,0,512,32,64,2,128,4,4,2,5304
2,32,4,4,4,32,64,0,512,4,4,2,128,0,0,0,5340
2,0,0,0,4,2,4,0,512,64,64,4,128,4,4,2,5404
0,0,0,2,0,4,2,4,2,512,128,4,0,128,8,2,5540
0,0,0,0,2,4,2,2,0,512,128,8,2,128,8,2,5548
0,0,2,0,2,4,4,0,512,128,8,0,2,128,8,2,5552
0,0,0,0,2,0,2,0,512,4,4,2,2,256,16,2,5824
0,2,0,0,0,0,0,4,0,512,8,2,2,256,16,2,5836
2,2,8,4,0,512,16,4,0,256,2,0,0,0,0,0,5840
0,4,8,4,0,512,16,4,0,4,256,2,0,0,0,0,5844
0,4,8,4,0,512,16,4,0,4,256,2,0,0,0,0,5844
4,8,4,0,512,16,4,0,4,256,2,0,0,0,0,2,5844
4,8,4,0,512,16,4,0,4,256,2,0,2,0,2,0,5844
4,8,8,0,512,16,4,0,4,256,2,0,2,0,0,0,5856
4,8,8,0,512,16,4,0,4,256,2,0,2,0,0,0,5856
4,16,0,0,512,16,4,0,4,256,2,0,2,0,0,2,5872
4,32,4,2,512,256,2,2,4,0,0,0,2,0,0,0,5904
4,32,4,2,512,256,4,0,4,0,2,0,2,0,0,0,5908
4,32,4,2,2,512,256,4,0,0,4,2,0,0,0,2,5908
0,0,0,0,0,2,4,2,4,32,256,4,2,512,4,4,5912
0,0,0,2,0,2,4,2,4,32,256,4,0,2,512,8,5920
4,2,4,4,2,32,256,4,0,2,512,8,0,0,0,0,5924
0,2,0,0,0,2,4,0,4,32,256,8,2,2,512,8,5932
4,4,4,16,2,32,256,0,0,2,512,4,0,0,0,0,5952
8,4,16,0,2,32,256,0,2,512,4,0,0,2,0,0,5960
0,8,4,16,2,2,32,256,0,2,512,4,0,0,0,2,5960
8,4,16,2,4,32,256,0,2,512,4,0,2,0,0,0,5964
8,4,16,2,4,32,256,0,4,512,4,0,0,0,0,2,5968
0,2,0,0,0,4,16,0,8,32,256,0,8,512,4,4,5980
0,0,0,2,0,0,4,16,0,8,32,256,2,8,512,8,5988
0,0,0,2,2,0,4,16,0,0,32,256,2,16,512,8,6004
0,0,0,2,0,0,4,16,0,2,32,256,4,16,512,8,6008
2,0,0,0,4,16,4,0,2,32,256,0,4,16,512,8,6008
2,16,4,8,4,32,256,0,2,16,512,0,4,0,0,2,6008
2,16,4,8,0,4,32,256,0,2,16,512,0,2,4,2,6008
2,16,4,8,0,4,32,256,0,4,16,512,0,2,4,2,6012
2,16,4,8,0,4,32,256,0,4,16,512,0,2,4,2,6012
2,0,4,8,0,16,32,256,0,8,16,512,2,2,4,2,6020
4,16,4,8,0,8,32,256,2,2,16,512,0,0,4,2,6024
0,0,4,8,2,16,32,256,4,8,16,512,2,2,4,2,6024
0,0,4,8,2,16,32,256,4,8,16,512,2,2,4,2,6024
0,2,4,8,2,16,32,256,4,8,16,512,0,4,4,2,6028
4,2,4,8,2,16,32,256,4,8,16,512,0,0,8,2,6036
0,2,4,8,4,2,32,256,2,16,16,512,4,8,8,2,6036
0,2,4,8,4,2,32,256,0,2,32,512,2,4,16,2,6084
0,2,4,8,4,2,32,256,0,2,32,512,2,4,16,2,6084
0,0,2,8,0,2,4,256,4,4,64,512,2,4,16,2,6152
2,0,2,8,0,2,4,256,0,8,64,512,2,4,16,2,6160
0,0,2,8,2,2,4,256,0,8,64,512,4,4,16,2,6164
2,8,0,0,4,4,256,0,8,64,512,0,8,16,2,2,6176
0,8,0,0,2,4,256,0,4,64,512,4,16,16,2,2,6192
0,0,0,8,0,2,4,256,4,64,512,4,2,0,32,4,6228
0,0,2,8,0,2,4,256,4,64,512,4,0,2,32,4,6228
0,0,2,2,0,2,4,8,0,64,512,256,4,2,32,8,6236
0,0,2,4,0,2,4,8,0,64,512,256,4,2,32,8,6240
2,4,0,0,2,4,8,0,64,512,256,2,4,2,32,8,6240
4,8,8,2,64,512,256,8,4,2,32,0,0,0,2,0,6252
4,8,8,2,64,512,256,8,4,2,32,0,0,0,2,0,6252
0,4,16,2,64,512,256,8,0,4,2,32,2,0,0,2,6268
2,0,0,2,0,4,16,8,64,512,256,32,2,4,2,2,6268
4,2,0,0,4,16,8,0,64,512,256,32,2,4,4,0,6276
4,2,4,0,4,16,8,0,64,512,256,32,2,8,0,0,6284
8,2,4,32,64,16,8,0,2,512,256,2,0,8,0,0,6292
0,2,0,2,8,16,4,0,64,512,8,32,2,8,256,2,6292
2,0,0,4,0,8,16,4,64,512,8,32,2,8,256,2,6296
2,0,0,0,2,8,16,8,64,512,8,32,2,8,256,2,6304
4,8,16,8,64,512,8,32,2,8,256,2,0,0,2,0,6308
4,8,16,8,64,512,8,32,2,8,256,2,0,0,2,0,6308
4,8,16,8,64,512,8,32,2,8,256,2,2,0,0,2,6308
0,0,2,0,4,8,16,8,64,512,8,32,4,8,256,4,6316
0,0,2,0,4,8,16,8,64,512,8,32,4,8,256,4,6316
4,8,2,8,64,512,16,32,4,8,8,4,0,0,256,2,6316
4,8,2,8,64,512,16,32,4,8,8,4,0,0,256,2,6316
4,8,2,8,64,512,16,32,0,4,16,4,0,2,256,2,6332
4,8,2,8,64,512,32,32,2,4,256,4,0,2,0,2,6364
4,8,2,8,64,512,64,0,2,4,256,4,4,0,2,0,6432
4,8,2,8,64,512,64,4,2,4,256,0,4,0,2,2,6432
4,2,2,0,64,8,64,8,2,512,256,4,4,4,2,2,6432
4,2,2,8,64,8,64,4,2,512,256,2,4,4,2,2,6432
4,2,2,4,64,8,64,8,2,512,256,4,4,4,2,4,6436
4,2,2,2,64,8,64,4,2,512,256,8,4,4,2,8,6444
4,2,2,2,64,8,64,4,2,512,256,16,4,4,2,2,6460
4,4,2,0,64,8,64,4,2,512,256,16,8,4,2,0,6476
8,2,0,0,64,8,64,4,2,512,256,16,8,4,2,4,6484
8,2,0,0,64,8,64,4,2,512,256,16,8,4,2,4,6484
0,2,8,2,64,8,64,4,2,512,256,16,8,4,2,4,6484
2,8,2,2,64,8,64,4,2,512,256,16,8,4,2,4,6484
2,2,8,4,64,8,64,4,2,512,256,16,8,4,2,4,6488
2,2,8,8,64,8,64,16,2,512,256,4,8,4,2,2,6496
2,2,8,8,64,8,64,16,2,512,256,4,8,4,2,2,6496
0,2,4,16,64,8,64,16,2,512,256,4,0,8,4,4,6520
2,4,16,2,64,8,64,16,2,512,256,4,8,8,0,0,6528
2,4,16,2,64,8,64,16,2,512,256,4,0,2,0,16,6544
2,4,0,2,2,8,16,16,64,512,64,4,2,2,256,16,6544
4,2,4,2,0,2,8,32,64,512,64,4,0,4,256,16,6580
2,0,4,2,0,4,8,32,4,512,64,4,64,4,256,16,6584
2,4,2,0,4,8,32,2,4,512,64,4,64,4,256,16,6584
2,2,4,2,4,8,32,2,4,512,64,4,64,4,256,16,6584
2,2,4,4,8,8,32,4,64,512,64,16,0,4,256,2,6596
2,2,4,8,8,8,32,16,64,512,64,2,0,4,256,2,6604
4,4,8,2,16,32,16,0,64,512,64,2,4,256,2,0,6624
8,8,2,0,16,32,16,2,64,512,64,2,4,256,2,0,6632
16,2,2,0,16,32,16,2,64,512,64,2,4,256,2,0,6648
0,4,16,4,16,32,16,2,64,512,64,2,0,4,256,2,6652
0,4,0,2,0,32,32,4,16,512,64,2,64,4,256,4,6688
0,0,4,2,4,0,64,4,16,512,64,2,64,4,256,4,6752
0,0,0,2,4,2,4,4,16,512,128,2,64,4,256,4,6880
0,0,2,2,0,4,2,8,16,512,128,2,64,4,256,4,6888
2,0,0,2,0,4,4,8,16,512,128,2,64,4,256,4,6892
4,0,0,0,8,8,0,2,16,512,128,2,64,4,256,4,6904
4,0,2,0,16,2,0,0,16,512,128,2,64,4,256,4,6920
0,2,0,0,4,2,2,0,32,512,128,2,64,4,256,4,6952
0,2,0,0,4,4,2,0,32,512,128,2,64,4,256,4,6956
0,2,0,2,0,0,8,2,32,512,128,2,64,4,256,4,6964
0,0,0,4,0,4,8,2,32,512,128,2,64,4,256,4,6968
0,0,0,2,0,4,8,4,32,512,128,4,64,4,256,4,6972
2,0,0,0,4,8,4,2,32,512,128,4,64,4,256,4,6972
2,8,4,2,4,512,128,8,32,4,256,0,64,2,0,0,6980
2,8,4,2,4,512,128,8,32,4,256,0,64,2,0,0,6980
2,8,2,0,4,512,4,0,32,4,128,2,64,2,256,8,6980
2,8,2,2,4,512,4,8,32,4,128,0,64,2,256,4,6980
0,2,8,4,4,512,4,8,2,32,4,128,64,2,256,4,6984
2,8,4,4,4,512,4,8,2,32,4,128,64,2,256,4,6984
2,2,8,8,4,512,4,8,2,32,4,128,64,2,256,4,6992
0,4,4,16,4,512,4,8,2,32,4,128,64,2,256,4,7012
4,4,8,16,2,512,4,8,64,32,256,128,0,2,2,4,7020
4,4,8,16,2,512,4,8,64,32,256,128,0,2,2,4,7020
8,8,16,2,2,512,4,8,64,32,256,128,4,4,0,0,7032
16,16,2,2,2,512,4,8,64,32,256,128,8,0,0,0,7056
0,0,32,4,2,512,4,8,64,32,256,128,0,2,0,8,7092
0,0,0,4,2,512,32,8,2,32,4,128,64,2,256,8,7092
0,0,2,4,0,512,32,8,4,32,4,128,64,2,256,8,7096
4,512,2,4,64,32,32,8,0,2,4,128,0,2,256,8,7096
4,512,2,4,0,64,64,8,0,2,4,128,2,2,256,8,7160
4,512,2,4,2,64,64,8,2,4,4,128,0,0,256,8,7164
4,512,2,4,2,128,8,0,2,8,128,0,256,8,0,2,7300
4,512,2,4,4,128,8,2,256,16,128,0,0,2,0,0,7320
4,512,2,4,4,128,8,2,256,16,128,0,2,2,0,0,7320
4,512,2,4,4,128,8,2,256,16,128,2,4,0,0,0,7324
0,2,0,0,8,512,2,0,256,128,8,4,4,16,128,4,7336
0,2,2,0,8,512,2,0,256,128,8,0,4,16,128,8,7344
0,0,0,4,2,8,512,2,0,256,128,8,4,16,128,8,7348
2,8,512,4,4,256,256,2,0,16,0,16,0,0,2,0,7620
2,8,512,4,0,4,512,2,0,2,0,32,0,0,0,2,8164
2,8,1024,4,0,4,0,2,2,2,0,32,0,0,0,2,9188
2,8,1024,4,0,0,4,2,2,0,4,32,0,0,0,2,9192
4,8,1024,4,0,0,8,2,0,0,0,32,0,0,2,2,9204
4,8,1024,4,8,2,2,0,32,0,0,0,4,0,0,0,9208
4,8,1024,4,8,2,2,0,32,0,0,0,4,0,0,0,9208
4,8,1024,4,0,2,8,4,0,0,0,32,0,0,0,4,9212
4,8,1024,4,2,8,4,0,32,0,0,0,4,2,0,0,9212
4,8,1024,4,2,8,4,0,32,0,0,0,4,2,0,0,9212
4,16,1024,4,2,2,4,0,32,0,0,2,4,0,0,0,9228
4,16,1024,4,4,4,2,0,32,2,0,0,4,0,0,0,9232
0,0,2,0,8,16,0,0,32,4,1024,0,4,2,2,4,9240
8,16,2,4,32,4,1024,0,4,2,2,0,0,0,2,0,9240
8,16,2,4,32,4,1024,2,4,4,0,0,2,0,0,0,9244
8,0,0,0,32,0,0,2,4,16,2,4,2,8,1024,2,9252
8,0,0,0,32,2,2,0,4,16,2,4,2,8,1024,2,9252
8,0,0,2,32,2,0,0,4,16,4,4,2,8,1024,2,9256
0,0,8,2,0,0,32,2,2,4,16,8,2,8,1024,2,9264
0,0,8,2,0,0,32,2,2,4,16,8,2,8,1024,2,9264
0,0,8,2,0,0,32,4,0,4,16,8,4,8,1024,2,9272
8,2,0,0,32,4,0,4,4,16,8,0,4,8,1024,2,9272
8,2,0,0,32,8,0,2,4,16,8,0,4,8,1024,2,9280
2,2,0,0,8,8,0,0,32,16,8,0,8,8,1024,4,9292
2,2,8,4,8,8,1024,0,32,16,0,0,8,8,0,2,9292
2,2,2,0,8,8,0,0,32,16,8,4,8,8,1024,2,9292
0,0,2,4,4,0,0,16,32,16,8,4,0,16,1024,2,9328
0,0,2,4,2,0,4,16,32,16,8,4,0,16,1024,2,9328
0,2,2,4,0,2,4,16,32,16,8,4,0,16,1024,2,9328
32,4,2,4,0,32,4,16,0,0,8,4,0,2,1024,2,9364
32,4,2,4,0,32,4,16,0,0,8,4,0,2,1024,2,9364
2,0,2,4,0,4,4,16,0,32,8,4,32,2,1024,2,9364
0,2,2,4,0,4,4,16,2,32,8,4,32,2,1024,2,9364
4,4,0,0,8,16,2,0,2,32,8,4,32,2,1024,2,9376
8,0,0,4,8,16,2,0,2,32,8,4,32,2,1024,2,9384
16,16,2,8,2,32,8,2,32,2,1024,0,0,0,0,2,9408
2,32,2,8,2,32,8,2,0,32,2,1024,0,0,0,2,9440
2,0,0,8,0,0,2,2,0,32,8,1024,4,64,2,2,9508
2,0,0,8,0,0,2,2,2,32,8,1024,4,64,2,2,9508
0,0,2,8,2,0,0,4,2,32,8,1024,0,4,64,4,9516
2,8,0,0,2,4,0,0,2,32,8,1024,4,64,4,2,9516
4,8,8,1024,2,4,4,2,4,32,2,0,0,64,0,0,9520
0,4,16,1024,2,2,8,2,0,4,32,2,0,0,0,64,9544
4,16,1024,0,4,8,2,0,4,32,2,0,64,0,0,2,9548
0,0,0,0,4,16,0,0,8,8,1024,2,64,32,4,2,9560
4,16,1024,4,8,8,4,0,64,32,0,2,0,0,0,0,9564
4,16,1024,4,0,0,16,4,0,64,32,2,0,2,0,0,9580
4,16,1024,4,0,0,16,4,0,64,32,2,0,0,2,2,9580
0,0,1024,2,0,0,16,0,0,16,32,8,4,64,2,4,9592
4,16,1024,2,2,64,16,8,0,0,32,4,0,0,2,0,9592
0,2,1024,0,0,0,16,2,4,16,32,8,2,64,2,4,9592
4,2,1024,2,2,16,16,8,0,64,32,4,2,0,2,0,9592
4,2,1024,2,0,2,32,8,0,64,32,4,0,0,2,4,9628
4,2,1024,2,2,32,8,0,64,32,4,2,2,4,0,0,9628
4,0,0,2,2,2,1024,0,64,64,8,0,2,4,4,4,9696
4,2,0,0,4,1024,2,0,128,8,0,0,2,8,4,0,9836
0,0,0,2,8,2,0,0,128,1024,2,0,2,16,4,0,9860
2,0,0,0,8,2,0,0,128,1024,2,0,2,16,4,2,9860
2,0,0,0,8,2,0,0,128,1024,2,0,2,16,4,2,9860
2,2,2,2,8,1024,4,0,128,16,0,0,2,0,2,0,9860
0,0,4,4,0,8,1024,4,0,0,128,16,0,2,0,4,9872
2,0,0,8,0,8,1024,4,0,0,128,16,0,0,2,4,9880
0,0,0,8,0,0,1024,4,0,2,128,16,2,8,2,4,9880
0,0,0,8,0,0,1024,4,0,2,128,16,2,8,2,4,9880
8,2,0,0,1024,4,0,0,2,128,16,0,2,8,2,4,9880
8,2,0,0,1024,4,0,0,2,128,16,0,2,8,2,4,9880
8,2,16,4,1024,4,2,0,4,128,0,0,2,8,0,0,9884
8,2,16,4,0,1024,4,2,0,0,4,128,0,2,2,8,9884
8,2,16,4,0,1024,8,2,0,2,2,128,0,0,2,8,9892
8,2,16,4,2,1024,8,2,0,0,4,128,0,0,2,8,9896
8,2,16,4,2,1024,8,2,0,0,4,128,0,0,2,8,9896
0,0,16,4,0,2,8,2,8,2,4,128,2,1024,2,8,9896
2,0,16,4,0,0,8,2,8,4,4,128,2,1024,2,8,9900
2,16,4,0,8,2,0,2,8,8,128,0,2,1024,2,8,9908
2,16,4,2,16,2,128,8,2,8,2,0,0,1024,0,2,9924
2,16,4,2,16,2,128,8,2,8,2,2,1024,2,0,0,9924
2,16,4,2,16,2,128,8,2,8,2,2,1024,2,0,0,9924
2,16,4,2,16,2,128,8,2,8,2,2,1024,2,0,0,9924
2,16,4,2,16,2,128,8,2,2,8,4,0,0,1024,2,9928
0,2,4,2,2,0,128,8,16,16,8,4,2,4,1024,2,9932
2,2,4,2,16,16,128,8,2,4,8,4,2,0,1024,2,9932
4,4,2,0,32,128,8,2,2,4,8,4,2,1024,2,0,9968
0,0,8,2,32,128,8,2,2,4,8,4,4,2,1024,2,9976
32,128,16,4,2,4,8,4,4,2,1024,2,0,0,2,0,9996
32,128,16,4,2,4,8,4,4,2,1024,2,0,0,2,2,9996
32,128,16,4,2,4,8,4,4,2,1024,2,2,0,0,4,10000
32,0,0,2,2,128,16,8,4,4,8,2,2,2,1024,4,10008
32,0,0,2,2,128,16,8,4,4,8,2,2,2,1024,4,10008
32,0,0,2,2,128,16,8,4,4,8,2,2,2,1024,4,10008
0,0,32,2,2,128,16,8,2,8,8,2,0,4,1024,4,10020
32,2,0,0,2,128,16,8,2,16,2,0,4,1024,4,2,10036
32,2,16,8,4,128,2,2,4,16,4,0,0,1024,0,2,10040
0,2,0,2,0,128,16,0,32,16,2,8,8,1024,4,4,10052
0,0,0,4,0,0,128,16,32,16,2,8,2,8,1024,8,10064
4,0,0,0,128,16,2,0,32,16,2,8,2,8,1024,8,10064
4,0,0,0,128,2,0,0,32,32,4,0,2,8,1024,16,10116
4,0,2,0,128,2,0,0,64,4,0,0,2,8,1024,16,10180
0,0,4,2,0,0,128,2,0,2,64,4,2,8,1024,16,10180
0,0,4,0,2,0,128,4,0,2,64,4,2,8,1024,16,10184
2,0,0,4,0,2,128,4,0,2,64,4,2,8,1024,16,10184
4,4,128,8,2,8,64,4,0,0,1024,16,0,0,0,0,10200
8,128,8,0,2,8,64,4,1024,16,2,0,0,0,0,0,10208
8,128,8,0,2,8,64,4,1024,16,2,0,0,0,0,0,10208
8,128,8,0,2,8,64,4,1024,16,2,0,0,0,0,0,10208
2,8,128,8,2,8,64,4,0,1024,16,2,0,0,0,0,10208
2,0,0,0,0,0,128,8,0,16,64,4,4,1024,16,2,10228
2,2,0,0,128,8,0,0,16,64,4,0,4,1024,16,2,10228
2,2,0,0,128,8,0,0,16,64,4,0,4,1024,16,2,10228
4,0,0,2,128,8,0,0,16,64,4,0,4,1024,16,2,10232
4,0,0,0,128,8,2,0,16,64,4,0,4,1024,16,4,10236
4,0,0,0,128,8,2,0,16,64,4,0,4,1024,16,4,10236
4,8,2,4,128,64,4,2,16,1024,16,0,4,0,0,0,10236
4,8,2,4,128,64,4,2,0,16,1024,16,2,0,0,4,10236
4,8,2,4,128,64,4,2,0,16,1024,16,0,2,2,4,10236
0,8,2,4,2,64,4,2,4,16,1024,16,128,2,2,4,10236
0,8,2,4,2,64,4,2,4,16,1024,16,128,2,2,4,10236
8,2,4,0,2,64,4,2,4,16,1024,16,128,4,4,2,10240
8,2,0,2,2,64,8,2,4,16,1024,16,128,4,4,2,10248
8,2,2,0,2,64,8,4,4,16,1024,16,128,4,4,2,10252
8,4,0,0,2,64,8,4,4,16,1024,16,128,8,2,2,10264
8,4,0,0,2,64,8,4,4,16,1024,16,128,8,2,2,10264
0,0,8,4,2,64,8,4,4,16,1024,16,4,128,8,4,10268
2,64,16,8,8,16,1024,16,2,128,8,4,0,0,0,0,10300
2,64,16,8,8,16,1024,16,2,128,8,4,0,0,0,0,10300
2,64,16,8,8,16,1024,16,2,128,8,4,0,0,0,0,10300
2,64,16,8,8,16,1024,16,2,128,8,4,0,0,0,0,10300
2,64,16,8,8,16,1024,16,2,128,8,4,0,0,0,0,10300
2,64,16,8,8,16,1024,16,2,128,8,4,0,0,0,0,10300
2,64,16,8,8,16,1024,16,2,128,8,4,0,0,0,0,10300
2,64,16,8,8,16,1024,16,2,128,8,4,0,0,0,0,10300
2,64,16,8,8,16,1024,16,2,128,8,4,0,0,0,0,10300
2,64,16,8,8,16,1024,16,2,128,8,4,0,0,0,0,10300
2,64,16,8,8,16,1024,16,2,128,8,4,0,0,0,0,10300
2,64,16,8,8,16,1024,16,2,128,8,4,0,0,0,0,10300
2,64,16,8,8,16,1024,16,2,128,8,4,0,0,0,0,10300
2,64,16,8,8,16,1024,16,2,128,8,4,0,0,0,0,10300
0,0,0,2,2,64,16,8,8,16,1024,16,2,128,8,4,10300
0,0,0,2,2,64,16,8,8,16,1024,16,2,128,8,4,10300
2,64,16,2,8,16,1024,8,2,128,8,16,0,2,0,4,10300
2,64,16,2,8,16,1024,8,2,128,8,16,0,2,0,4,10300
0,64,4,2,2,16,16,8,8,128,1024,16,2,2,8,4,10300
64,4,2,2,2,32,8,0,8,128,1024,16,4,8,4,0,10336
64,4,4,0,2,32,8,2,8,128,1024,16,4,8,4,0,10340
64,8,0,2,2,32,8,2,8,128,1024,16,4,8,4,0,10348
2,64,8,2,2,32,8,2,8,128,1024,16,0,4,8,4,10348
4,64,16,4,8,32,1024,16,0,128,8,4,0,4,0,2,10372
2,64,0,4,0,32,16,16,4,128,1024,4,8,4,8,2,10372
2,64,4,0,32,32,2,0,4,128,1024,4,8,4,8,2,10404
2,2,64,4,0,0,64,2,4,128,1024,4,8,4,8,2,10468
0,4,0,4,2,2,128,2,4,128,1024,4,8,4,8,2,10596
8,2,0,0,4,128,2,0,4,128,1024,4,8,4,8,2,10608
8,2,2,4,8,256,1024,2,8,4,8,0,0,4,0,0,10872
16,2,2,4,8,256,1024,2,0,8,8,0,0,0,2,0,10896
16,4,4,0,8,256,1024,2,16,0,0,2,2,0,0,0,10916
0,0,16,8,8,256,1024,2,0,0,16,2,0,2,0,2,10924
8,256,16,8,4,2,1024,4,0,0,16,2,0,0,0,0,10928
8,256,16,8,4,2,1024,4,0,0,16,2,0,0,0,0,10928
8,256,16,8,4,2,1024,4,0,0,16,2,0,0,0,0,10928
0,0,2,0,0,0,16,8,8,256,1024,4,4,2,16,2,10928
2,0,0,2,0,0,16,8,8,256,1024,4,4,2,16,2,10928
2,256,16,2,8,2,1024,8,4,2,16,4,0,0,0,2,10928
2,256,16,2,8,2,1024,8,4,2,16,4,2,2,0,0,10928
2,256,16,2,8,2,1024,8,4,2,16,4,2,0,0,4,10932
2,0,0,2,8,0,16,2,4,256,1024,8,2,4,16,8,10944
2,256,16,4,8,4,1024,16,4,0,16,0,2,0,0,2,10964
2,256,16,4,8,4,1024,16,4,16,0,0,4,0,0,2,10968
2,256,16,4,8,4,1024,16,4,16,0,0,4,2,0,2,10968
0,256,0,4,2,4,0,4,8,16,16,16,8,2,1024,2,10976
0,256,0,0,0,4,2,8,2,16,16,16,16,2,1024,2,11000
256,0,0,2,4,2,8,0,2,32,16,0,16,2,1024,2,11032
256,2,0,2,4,2,8,0,2,32,16,0,16,2,1024,2,11032
256,4,8,4,4,32,16,0,2,2,1024,0,16,0,0,2,11040
256,0,0,0,4,4,8,4,2,32,16,4,16,2,1024,2,11040
256,0,0,0,4,4,8,2,2,32,16,8,16,2,1024,2,11048
0,0,0,256,2,8,8,2,2,32,16,8,16,2,1024,2,11056
256,0,0,2,2,16,2,0,2,32,16,8,16,2,1024,2,11072
0,2,256,2,0,2,16,2,2,32,16,8,16,2,1024,2,11072
0,0,0,0,2,4,256,4,2,32,32,8,16,2,1024,2,11112
0,0,2,0,2,4,256,4,0,2,64,8,16,2,1024,2,11176
2,4,2,4,16,4,256,8,0,0,64,2,0,0,1024,2,11180
2,4,2,4,16,4,256,8,0,0,64,2,0,0,1024,2,11180
2,4,2,4,16,4,256,8,0,0,64,2,0,0,1024,2,11180
0,0,2,0,2,0,256,4,2,0,64,8,16,8,1024,4,11192
2,2,0,0,2,256,4,0,2,64,8,0,16,8,1024,4,11192
4,4,0,0,2,256,4,0,2,64,8,0,16,8,1024,4,11196
8,0,0,2,2,256,4,0,2,64,8,0,16,8,1024,4,11204
8,256,4,2,4,64,8,4,16,8,1024,0,0,2,0,0,11208
8,256,4,2,4,64,8,4,2,16,8,1024,0,0,0,2,11208
8,256,4,2,4,64,8,4,2,16,8,1024,0,0,0,2,11208
8,256,4,2,4,64,8,4,2,16,8,1024,2,0,2,0,11208
0,0,2,0,8,256,4,2,4,64,16,4,4,16,2,1024,11228
2,0,0,2,8,256,4,2,4,64,16,4,4,16,2,1024,11228
2,256,4,4,8,64,16,4,8,16,2,1024,2,0,0,0,11240
2,256,8,0,8,64,16,4,8,16,2,1024,2,2,0,0,11248
0,256,0,0,2,64,8,2,16,16,16,4,2,2,2,1024,11264
256,4,0,0,2,64,8,2,32,16,4,0,4,2,1024,0,11300
2,0,256,4,2,64,8,2,0,32,16,4,0,4,2,1024,11300
0,2,256,4,0,64,8,2,0,32,16,4,4,4,2,1024,11304
2,256,4,2,64,8,2,0,32,16,4,0,8,2,1024,0,11312
2,256,4,2,0,64,8,2,2,32,16,4,0,8,2,1024,11312
2,256,4,0,0,64,8,4,0,32,16,4,4,8,2,1024,11320
0,256,4,0,2,64,8,0,2,32,16,8,4,8,2,1024,11328
2,0,256,4,0,2,64,8,2,32,16,8,4,8,2,1024,11328
0,0,256,0,2,2,64,4,4,32,16,16,4,8,2,1024,11348
256,0,0,0,4,64,4,2,4,32,32,0,4,8,2,1024,11384
256,64,4,2,8,32,32,1024,4,8,2,0,0,0,4,0,11392
256,64,4,2,8,64,1024,0,4,8,2,0,4,0,2,0,11456
256,128,4,2,8,8,1024,4,8,0,4,0,0,0,0,0,11596
0,0,0,0,0,0,4,2,256,128,1024,2,16,8,4,4,11612
0,0,0,0,2,0,4,2,256,128,1024,2,0,16,8,8,11620
0,2,0,0,2,4,2,0,256,128,1024,2,16,16,0,0,11636
2,2,2,2,256,4,1024,0,16,128,0,0,0,16,2,0,11636
0,2,2,0,2,4,2,0,256,128,1024,0,16,16,2,2,11636
0,2,0,4,0,2,4,2,0,256,128,1024,0,0,32,4,11676
0,0,2,4,0,0,4,2,0,4,128,1024,0,256,32,4,11680
0,0,2,4,0,0,4,2,0,4,128,1024,0,256,32,4,11680
2,4,0,0,4,2,0,2,4,128,1024,0,256,32,4,0,11680
2,4,1024,2,8,2,4,0,256,128,0,0,0,32,0,2,11688
2,4,0,0,2,2,0,0,8,128,1024,0,256,32,4,4,11692
0,0,2,4,0,4,0,4,0,8,128,1024,0,256,32,8,11704
0,2,2,4,0,0,0,8,0,8,128,1024,0,256,32,8,11712
0,0,4,4,2,0,0,8,0,8,128,1024,0,256,32,8,11716
8,2,0,0,2,8,0,0,8,128,1024,0,256,32,8,0,11724
8,2,1024,2,2,8,8,0,8,128,0,0,256,32,0,0,11724
8,2,0,2,2,8,0,0,8,128,1024,0,256,32,8,2,11724
4,0,8,4,0,0,2,8,0,8,128,1024,256,32,8,2,11728
0,4,8,4,0,0,2,8,2,8,128,1024,256,32,8,2,11728
4,8,4,0,2,8,0,2,2,8,128,1024,256,32,8,2,11728
4,8,4,0,2,8,2,2,2,8,128,1024,256,32,8,2,11728
4,8,4,0,2,8,4,2,2,8,128,1024,256,32,8,2,11732
0,0,0,4,4,8,8,2,4,16,128,1024,256,32,8,2,11760
4,0,2,0,4,16,2,0,4,16,128,1024,256,32,8,2,11776
2,0,0,0,4,0,4,0,8,32,128,1024,256,32,8,2,11820
0,0,2,2,0,0,0,8,8,32,128,1024,256,32,8,2,11828
0,0,0,4,0,0,2,8,8,32,128,1024,256,32,8,2,11832
4,0,0,2,2,8,0,0,8,32,128,1024,256,32,8,2,11832
4,2,0,0,2,0,0,2,8,8,128,1024,256,64,8,2,11896
4,2,128,2,2,8,8,1024,8,64,2,2,256,0,0,0,11896
4,2,128,2,0,2,16,1024,2,8,64,4,0,0,0,256,11916
4,2,128,2,0,2,16,1024,2,8,64,4,0,0,0,256,11916
4,4,128,2,2,8,16,1024,0,0,64,4,2,0,0,256,11920
4,4,128,2,4,8,16,1024,0,0,64,4,2,0,0,256,11924
8,4,128,2,2,8,16,1024,0,0,64,4,2,0,0,256,11932
8,4,128,2,2,8,16,1024,0,0,64,4,0,2,2,256,11932
8,4,128,2,2,8,16,1024,0,0,64,4,0,4,4,256,11936
8,4,128,2,2,8,16,1024,0,2,64,4,0,0,8,256,11944
0,0,128,2,2,4,16,1024,8,8,64,4,2,2,8,256,11944
2,4,128,2,8,8,16,1024,2,2,64,4,0,2,8,256,11944
2,4,128,2,0,16,16,1024,0,4,64,4,2,2,8,256,11964
4,4,128,2,0,16,16,1024,2,4,64,4,0,2,8,256,11968
2,8,128,2,0,0,32,1024,2,4,64,4,0,2,8,256,12008
0,0,128,2,2,8,32,1024,0,4,64,4,4,2,8,256,12012
2,8,128,2,4,4,32,1024,0,2,64,4,2,0,8,256,12012
2,8,128,2,4,4,32,1024,2,2,64,4,0,4,8,256,12012
2,8,128,2,4,4,32,1024,2,2,64,4,0,4,8,256,12012
2,8,128,2,2,8,32,1024,0,4,64,4,0,4,8,256,12024
2,0,128,2,0,0,32,1024,0,16,64,4,4,8,8,256,12052
0,2,128,2,0,0,32,1024,2,16,64,4,4,8,8,256,12052
0,2,128,2,2,0,32,1024,2,16,64,4,0,4,16,256,12068
2,128,2,0,2,32,1024,2,2,16,64,4,4,16,256,0,12068
0,0,2,0,2,128,1024,2,4,32,64,2,4,32,256,4,12104
2,0,0,2,2,128,1024,2,4,32,64,2,4,32,256,4,12104
4,128,1024,4,8,64,64,2,0,0,256,4,0,0,0,4,12184
4,128,1024,4,8,128,2,0,256,4,0,0,4,0,2,0,12312
4,0,0,0,8,0,0,0,256,256,1024,2,4,4,4,4,12572
4,4,0,0,8,0,0,0,512,1024,2,0,8,8,0,0,13100
0,0,2,8,0,0,0,8,0,512,1024,2,0,0,0,16,13124
0,0,0,0,0,2,0,16,0,0,2,2,0,512,1024,16,13140
0,0,2,0,0,0,0,16,0,2,2,2,0,512,1024,16,13140
0,0,0,2,0,0,2,16,0,0,2,4,0,512,1024,16,13144
2,0,0,0,2,16,0,0,2,4,0,0,512,1024,16,2,13144
0,2,0,0,2,16,0,0,4,4,0,0,512,1024,16,2,13148
0,2,0,0,2,16,0,0,4,4,0,0,512,1024,16,2,13148
2,0,0,0,2,16,0,0,8,0,2,0,512,1024,16,2,13156
0,0,0,0,4,0,0,0,8,16,2,2,512,1024,16,2,13160
0,0,0,0,4,0,0,4,0,8,16,4,512,1024,16,2,13164
0,0,2,0,0,0,0,8,0,8,16,4,512,1024,16,2,13172
2,2,0,0,8,0,0,0,8,16,4,0,512,1024,16,2,13172
0,0,2,4,0,0,0,8,0,8,16,4,512,1024,16,2,13176
2,4,0,0,8,0,0,0,8,16,4,2,512,1024,16,2,13176
2,4,4,4,16,16,16,0,512,1024,0,0,0,2,0,0,13196
0,2,4,8,0,2,16,32,0,0,512,1024,0,0,0,2,13236
0,4,4,8,0,2,16,32,0,0,512,1024,0,0,0,2,13240
8,8,0,2,2,16,32,0,512,1024,0,0,2,0,0,0,13248
0,0,16,2,0,2,16,32,0,0,512,1024,0,2,0,2,13264
0,2,0,2,0,0,0,32,0,0,32,1024,0,4,512,2,13300
0,0,4,2,0,0,0,32,0,2,32,1024,0,4,512,2,13300
0,2,4,2,0,4,32,32,2,0,512,1024,0,0,0,2,13300
2,2,4,2,0,4,32,32,0,0,512,1024,0,4,0,2,13300
2,2,4,2,0,8,32,32,0,2,512,1024,0,0,0,2,13308
0,0,2,2,0,2,4,32,0,8,32,1024,2,2,512,2,13308
0,0,2,2,0,2,4,32,0,8,32,1024,2,2,512,2,13308
4,0,0,0,2,4,32,0,8,32,1024,4,4,512,2,0,13316
4,4,32,4,2,32,1024,0,8,512,2,0,4,2,0,0,13316
0,8,32,4,0,2,32,1024,0,8,512,2,2,0,4,2,13324
2,8,64,4,0,2,512,1024,0,8,4,4,0,2,0,0,13392
2,8,64,4,0,2,512,1024,0,8,4,4,0,2,0,0,13392
2,8,64,4,0,2,512,1024,0,0,8,8,0,0,2,2,13400
0,0,64,4,0,0,512,1024,2,8,8,8,2,2,2,2,13400
2,0,64,4,0,0,512,1024,0,2,8,16,0,0,4,4,13424
0,0,64,4,0,2,512,1024,0,0,8,16,2,2,4,4,13424
0,0,64,4,0,2,512,1024,2,0,8,16,0,0,4,8,13436
0,0,64,4,0,2,512,1024,0,0,8,16,2,2,4,8,13436
2,4,64,4,0,0,512,1024,0,0,8,16,0,2,4,8,13440
2,4,64,4,0,2,512,1024,0,0,8,16,2,0,4,8,13440
2,4,64,4,0,2,512,1024,2,0,8,16,0,2,4,8,13440
2,4,64,4,2,512,1024,0,2,8,16,0,2,4,8,2,13440
2,4,64,4,0,2,512,1024,2,2,8,16,2,4,8,2,13440
0,0,2,4,0,4,64,1024,2,4,512,16,4,4,16,2,13464
2,8,2,4,4,4,64,1024,0,2,512,16,0,0,16,2,13472
0,0,2,4,2,8,64,1024,2,4,512,16,4,2,16,2,13472
2,4,2,0,2,8,64,1024,2,4,512,16,4,2,16,2,13472
4,4,2,1024,2,8,64,16,4,4,512,2,0,2,16,2,13476
2,8,2,1024,2,8,64,16,0,8,512,2,0,2,16,2,13492
4,16,2,1024,2,8,64,16,0,2,512,4,0,0,16,0,13516
0,2,2,0,0,16,64,1024,4,8,512,16,2,2,16,4,13516
0,0,0,4,4,16,64,1024,4,8,512,16,0,4,16,4,13524
8,16,64,4,0,8,512,1024,0,4,16,16,2,0,0,4,13532
8,16,64,4,8,512,1024,0,4,32,0,0,2,4,0,2,13564
4,16,0,0,16,512,0,0,4,32,64,4,2,4,1024,2,13580
0,0,4,16,0,2,16,512,4,32,64,4,2,4,1024,2,13580
4,16,0,0,2,16,512,2,4,32,64,4,2,4,1024,2,13580
4,32,512,2,2,32,64,4,4,4,1024,2,2,2,0,0,13612
4,64,512,2,2,4,64,4,4,2,1024,2,2,0,0,2,13676
4,64,512,2,2,4,64,4,4,2,1024,4,2,0,2,0,13680
4,64,512,2,2,4,64,4,4,2,1024,4,4,2,0,0,13684
4,64,512,2,2,4,64,4,4,2,1024,4,4,2,0,0,13684
4,64,512,2,2,4,64,4,4,2,1024,4,4,2,0,0,13684
4,64,512,2,2,4,64,8,8,4,1024,0,0,0,2,0,13704
4,0,512,0,4,0,64,0,2,64,1024,2,8,8,2,8,13712
8,64,512,2,2,8,64,8,8,0,1024,0,2,0,2,0,13720
8,64,512,2,2,8,64,8,0,2,8,1024,0,0,0,4,13724
8,64,512,2,2,8,64,8,0,2,8,1024,0,0,0,4,13724
8,64,512,2,2,8,64,8,2,8,1024,2,4,0,0,0,13724
0,2,0,0,8,0,512,2,4,64,64,8,4,16,1024,2,13744
0,2,0,0,0,2,512,2,8,64,64,8,8,16,1024,2,13752
0,0,0,2,0,4,512,2,0,64,64,8,16,16,1024,2,13772
0,0,0,2,2,4,512,2,0,0,128,8,0,32,1024,2,13932
2,2,0,0,2,4,512,2,128,8,0,0,32,1024,2,0,13932
2,2,0,0,4,4,0,0,128,8,512,0,32,1024,2,2,13936
2,2,0,0,4,4,0,0,128,8,512,0,32,1024,2,2,13936
2,2,512,2,4,4,2,0,128,8,0,0,32,1024,2,0,13936
0,4,512,2,0,0,8,2,0,0,128,8,2,32,1024,2,13948
2,4,512,4,0,32,8,8,0,0,128,2,2,0,1024,0,13952
2,4,512,4,32,16,0,2,128,2,0,0,2,1024,0,0,13968
2,4,2,0,32,16,0,0,128,2,0,4,2,1024,512,2,13968
2,4,0,0,32,16,2,0,128,2,2,4,2,1024,512,2,13968
2,4,0,0,32,16,2,4,128,4,4,0,2,1024,512,2,13972
2,4,2,0,32,16,2,0,128,4,4,4,2,1024,512,2,13972
2,4,2,0,32,16,2,0,128,8,4,2,2,1024,512,2,13980
2,4,4,4,32,16,4,0,128,8,512,2,2,1024,0,0,13988
2,2,4,8,0,32,16,4,128,8,512,2,0,0,2,1024,13996
4,4,8,2,32,16,4,0,128,8,512,2,2,1024,0,0,14000
4,4,0,0,32,16,8,2,128,8,4,0,2,1024,512,4,14004
4,4,8,2,32,16,4,4,128,8,512,0,2,1024,2,0,14004
0,8,8,2,0,32,16,8,0,128,8,512,2,2,1024,2,14020
0,0,16,2,2,32,16,8,0,128,8,512,0,4,1024,2,14040
2,32,32,2,2,128,8,8,0,4,1024,512,0,0,0,2,14072
0,2,64,2,0,2,128,16,0,4,1024,512,0,0,2,2,14152
0,2,64,2,0,0,128,16,0,4,1024,512,0,4,2,2,14156
0,2,64,2,2,8,128,16,0,0,1024,512,0,0,2,2,14164
0,2,64,2,2,8,128,16,2,0,1024,512,0,0,0,4,14168
0,0,0,2,2,0,64,16,0,2,128,512,4,8,1024,4,14172
0,0,0,2,0,2,64,16,2,2,128,512,4,8,1024,4,14172
2,0,0,0,2,64,16,2,4,128,512,0,4,8,1024,4,14176
0,0,0,2,0,64,16,0,4,128,512,2,8,8,1024,4,14188
2,0,0,2,64,16,0,0,4,128,512,2,16,1024,4,0,14204
2,0,0,0,64,16,2,0,4,128,512,0,16,1024,4,4,14208
0,0,0,2,0,64,16,2,2,4,128,512,0,16,1024,8,14216
0,0,0,2,0,64,16,2,2,4,128,512,0,16,1024,8,14216
2,64,16,4,0,4,128,512,0,16,1024,8,0,2,0,0,14220
2,64,16,4,0,4,128,512,0,16,1024,8,0,0,2,2,14220
2,64,16,4,0,4,128,512,0,16,1024,8,0,0,2,2,14220
2,64,16,4,0,4,128,512,0,16,1024,8,0,0,2,2,14220
2,64,16,4,0,4,128,512,0,16,1024,8,0,0,2,4,14224
2,64,16,4,0,4,128,512,0,16,1024,8,0,0,2,4,14224
2,64,16,4,4,128,512,0,16,1024,8,2,2,4,0,0,14224
2,64,16,4,4,128,512,0,16,1024,8,2,2,4,0,0,14224
2,64,16,4,4,128,512,2,16,1024,8,0,2,4,0,2,14224
2,64,16,4,4,128,512,4,16,1024,8,2,2,4,0,0,14228
2,64,16,8,4,128,512,2,16,1024,8,0,2,4,2,0,14236
2,64,16,0,4,128,512,2,16,1024,8,8,2,4,2,2,14236
0,2,64,16,4,128,512,2,2,16,1024,16,0,2,4,4,14256
2,2,64,16,4,128,512,2,2,16,1024,16,0,0,2,8,14264
2,2,64,16,4,128,512,2,2,16,1024,16,0,0,2,8,14264
2,2,64,16,4,128,512,2,2,16,1024,16,0,0,2,8,14264
4,64,16,2,4,128,512,2,2,16,1024,16,2,8,0,0,14268
4,64,16,2,4,128,512,2,2,16,1024,16,2,8,0,0,14268
0,64,0,0,2,128,16,0,8,16,512,4,4,8,1024,16,14284
64,0,0,0,2,128,16,2,8,16,512,4,4,8,1024,16,14284
64,128,16,2,2,16,512,4,8,8,1024,16,4,0,2,0,14284
64,128,16,2,2,16,512,4,16,1024,16,0,4,2,2,0,14300
64,128,16,2,2,16,512,4,16,1024,16,0,4,2,2,0,14300
64,128,16,2,2,16,512,4,16,1024,16,0,4,2,2,0,14300
64,128,16,2,2,16,512,0,16,1024,16,2,4,2,2,4,14300
64,128,16,0,2,16,512,4,16,1024,16,4,4,2,2,4,14304
2,64,128,16,2,16,512,4,16,1024,16,4,0,4,4,4,14308
2,64,128,16,2,16,512,4,16,1024,16,4,0,2,4,8,14316
4,64,128,16,16,16,512,8,0,1024,16,8,2,2,4,0,14328
4,64,128,16,32,512,8,0,1024,16,8,2,4,4,0,0,14364
4,64,128,16,0,32,512,8,1024,16,8,2,0,2,0,8,14372
4,64,128,16,1024,32,512,8,0,16,8,2,2,2,0,8,14372
4,64,128,16,1024,32,512,8,16,8,2,0,4,8,2,0,14376
4,64,128,16,1024,32,512,8,16,16,4,0,4,0,2,0,14396
4,64,128,16,1024,32,512,8,2,0,32,4,0,0,4,2,14428
4,64,128,16,1024,32,512,8,2,32,4,0,4,2,2,0,14428
4,64,128,16,1024,64,512,8,2,2,4,0,4,2,2,0,14492
4,128,128,16,1024,4,512,8,2,0,4,0,4,2,2,0,14624
2,4,256,16,1024,4,512,8,0,0,2,4,0,0,4,4,14884
0,0,256,0,2,0,512,16,2,0,2,8,1024,8,4,8,14900
0,2,256,0,0,0,512,0,4,0,2,16,1024,8,4,16,14920
0,0,256,0,0,0,512,0,4,2,2,2,1024,8,4,32,14952
0,0,0,256,2,0,0,512,0,4,2,4,1024,8,4,32,14956
2,4,2,256,1024,8,4,512,0,0,0,4,0,4,0,32,14956
2,4,2,256,1024,8,4,512,4,0,0,2,4,32,0,0,14956
2,4,2,256,1024,8,4,512,8,32,0,2,2,0,0,0,14964
2,4,2,256,1024,8,4,512,0,8,32,2,0,2,0,2,14964
0,0,0,0,2,4,2,256,2,16,4,512,1024,2,32,4,14984
0,2,0,0,0,4,2,256,4,16,4,512,1024,2,32,4,14988
4,2,2,256,1024,4,4,512,0,16,32,4,0,2,0,2,14988
0,4,4,256,2,1024,8,512,0,16,32,4,0,0,0,4,15004
0,0,8,256,2,1024,8,512,2,16,32,4,0,0,0,4,15012
0,0,8,256,2,1024,8,512,2,16,32,4,0,0,0,4,15012
0,0,2,0,0,0,0,256,0,1024,16,512,4,16,32,8,15040
2,2,0,0,256,0,0,0,1024,16,512,0,4,16,32,8,15040
2,2,512,8,256,32,32,0,1024,0,0,0,4,0,2,0,15072
4,512,8,0,256,64,0,0,1024,0,0,0,4,2,2,0,15140
4,0,0,2,256,512,0,0,1024,64,8,0,4,2,2,0,15140
4,2,0,0,256,512,0,0,1024,64,8,0,4,2,2,2,15140
4,2,0,0,256,512,0,0,1024,64,8,0,4,4,2,2,15144
4,2,4,0,256,512,0,0,1024,64,8,0,8,4,0,0,15156
4,2,2,0,256,512,0,0,1024,64,4,0,8,4,8,0,15156
0,0,4,4,0,2,256,512,0,1024,64,4,0,8,4,8,15160
0,0,4,4,0,2,256,512,0,1024,64,4,0,8,4,8,15160
0,2,4,4,0,1024,256,512,0,8,64,4,2,0,4,8,15160
0,0,2,8,0,1024,256,512,2,8,64,4,0,2,4,8,15168
2,1024,2,8,0,8,256,512,2,2,64,4,0,0,4,8,15168
4,1024,2,8,0,8,256,512,0,2,64,4,0,2,4,8,15172
0,0,2,8,0,1024,256,512,2,8,64,4,4,4,4,8,15176
2,8,0,0,1024,256,512,0,2,8,64,4,8,4,8,2,15184
2,8,0,0,1024,256,512,0,2,8,64,4,8,4,8,2,15184
2,8,512,4,1024,256,64,2,2,8,8,0,8,4,0,2,15184
2,8,512,4,1024,256,64,4,2,8,8,2,8,4,0,0,15188
2,8,512,8,1024,256,64,2,2,8,8,0,8,4,2,0,15196
2,8,512,2,1024,256,64,0,2,8,8,8,8,4,2,2,15196
2,8,512,2,0,1024,256,64,2,2,8,16,0,8,4,4,15216
4,8,512,2,0,1024,256,64,0,2,8,16,2,8,4,4,15220
4,8,512,2,0,1024,256,64,2,2,8,16,0,2,8,8,15228
4,8,512,2,0,1024,256,64,2,4,8,16,0,0,2,16,15248
0,0,512,2,0,8,256,2,4,1024,8,64,2,4,2,32,15280
0,0,512,2,0,8,256,2,4,1024,8,64,2,4,2,32,15280
512,2,0,0,8,256,2,2,4,1024,8,64,2,4,2,32,15280
512,2,2,0,8,256,4,0,4,1024,8,64,2,4,2,32,15284
512,2,2,0,8,256,4,0,4,1024,8,64,2,4,2,32,15284
512,2,2,64,8,256,4,32,4,1024,8,2,2,4,2,0,15284
512,4,64,2,8,256,4,32,4,1024,8,2,2,4,2,0,15288
512,4,64,2,8,256,4,32,4,1024,8,2,2,4,2,0,15288
512,4,64,2,8,256,4,2,4,1024,8,32,2,4,2,2,15288
512,4,64,2,8,256,4,4,4,1024,8,32,2,4,2,2,15292
512,4,64,2,8,256,4,4,4,1024,8,32,2,4,2,2,15292
512,4,64,2,8,256,8,2,4,1024,8,32,2,4,4,0,15304
512,4,0,0,8,256,64,2,4,1024,16,4,2,4,4,32,15324
512,4,64,2,8,256,16,4,4,1024,4,32,2,4,0,2,15324
512,4,64,2,8,256,16,4,4,1024,4,32,2,2,4,2,15324
512,4,64,2,8,256,16,4,4,1024,8,32,2,2,2,2,15332
512,4,64,2,8,256,16,4,4,1024,8,32,2,2,2,2,15332
512,4,64,2,8,256,16,4,4,1024,8,32,0,2,4,4,15340
2,4,64,2,512,256,16,4,8,1024,8,32,4,2,4,4,15340
2,4,64,2,512,256,16,4,8,1024,8,32,4,2,8,2,15348
2,4,64,2,512,256,16,4,8,1024,16,32,4,2,2,2,15364
2,4,2,2,512,256,64,4,8,1024,32,32,4,2,2,2,15396
2,4,4,2,512,256,64,4,8,1024,64,0,4,4,2,0,15468
2,4,4,2,512,256,128,4,8,1024,2,0,4,4,2,0,15596
2,4,0,0,512,256,4,2,8,1024,128,2,4,4,4,4,15600
2,4,2,0,512,256,4,0,8,1024,128,4,4,4,4,4,15604
2,4,2,0,512,256,4,0,8,1024,128,4,8,8,0,4,15620
2,4,2,2,512,256,4,0,8,1024,128,4,16,4,0,0,15636
0,2,4,4,0,512,256,4,8,1024,128,4,4,0,16,4,15640
0,2,4,0,0,2,256,0,8,512,128,8,4,1024,16,8,15656
8,4,4,16,4,512,256,0,0,1024,128,0,0,0,16,4,15676
8,8,16,0,4,512,256,0,1024,128,0,2,16,4,0,0,15684
16,16,0,0,4,512,256,0,1024,128,2,2,16,4,0,0,15700
0,0,0,32,0,4,512,256,0,1024,128,4,2,0,16,4,15736
2,4,512,32,0,1024,128,256,0,0,16,8,0,2,0,0,15744
2,4,512,32,0,1024,128,256,4,0,16,8,0,0,0,2,15744
2,4,512,32,4,1024,128,256,0,0,16,8,0,2,0,2,15744
2,4,512,32,4,1024,128,256,16,8,0,2,4,0,0,0,15748
2,4,512,32,4,1024,128,256,16,8,2,0,4,2,0,0,15748
2,4,512,32,4,1024,128,256,16,8,2,0,4,2,0,0,15748
2,4,512,32,4,1024,128,256,16,8,2,0,4,2,0,0,15748
2,4,512,32,4,1024,128,256,16,8,2,0,4,2,0,0,15748
2,4,512,32,4,1024,128,256,0,16,8,2,0,2,4,2,15748
2,4,512,0,0,1024,128,32,2,16,8,256,4,2,4,4,15752
0,4,512,0,2,1024,128,32,4,16,8,256,4,2,4,4,15756
4,512,2,0,2,1024,128,32,4,16,8,256,4,2,8,0,15764
4,512,2,32,2,1024,128,256,8,16,16,2,0,2,0,0,15788
4,512,2,32,2,1024,128,256,8,16,16,2,0,2,0,0,15788
4,512,2,32,2,1024,128,256,0,8,32,2,0,2,0,2,15820
4,512,2,32,2,1024,128,256,8,32,2,0,4,2,0,0,15824
4,512,2,32,2,1024,128,256,0,8,32,2,0,4,4,2,15824
4,512,2,32,2,1024,128,256,8,32,2,0,8,2,0,2,15832
4,512,2,32,2,1024,128,256,2,8,32,2,0,0,8,4,15836
4,512,2,32,2,1024,128,256,2,8,32,2,8,4,0,2,15836
4,512,2,32,2,1024,128,256,2,8,32,2,2,8,4,2,15836
4,512,2,32,2,1024,128,256,2,8,32,2,2,8,4,2,15836
4,512,2,32,4,1024,128,256,2,16,32,4,2,0,4,0,15860
4,512,2,32,4,1024,128,256,2,16,32,4,2,4,0,2,15860
4,512,2,32,4,1024,128,256,2,16,32,4,2,4,2,2,15860
2,512,2,32,0,1024,128,256,8,16,32,4,4,4,2,2,15872
2,512,2,32,8,1024,128,256,4,16,32,4,2,4,2,2,15872
2,512,2,32,8,1024,128,256,4,16,32,4,4,2,4,4,15876
2,512,2,0,2,1024,128,32,8,16,32,256,8,2,4,8,15892
2,512,2,0,0,1024,128,32,4,16,32,256,16,2,4,8,15912
2,512,2,32,4,1024,128,256,16,16,32,8,0,2,4,2,15912
2,512,2,32,4,1024,128,256,0,32,32,8,2,2,4,2,15944
2,512,2,32,4,1024,128,256,2,32,32,8,2,2,4,2,15944
2,512,2,32,2,1024,128,256,4,32,32,8,4,2,4,2,15948
2,512,2,32,2,1024,128,256,4,64,8,2,4,2,4,2,16012
2,512,2,32,2,1024,128,256,4,64,8,2,4,2,4,2,16012
2,512,2,0,0,1024,128,32,4,64,8,256,8,2,4,4,16028
2,512,2,2,1024,128,32,0,4,64,8,256,8,2,8,0,16036
2,512,2,2,1024,128,32,256,4,64,16,2,8,2,0,0,16052
2,512,2,2,1024,128,32,256,4,64,16,2,8,2,0,0,16052
2,512,4,2,1024,128,32,256,4,64,16,2,8,2,0,0,16056
2,512,4,2,1024,128,32,256,4,64,16,2,8,2,0,0,16056
2,512,4,2,1024,128,32,256,4,64,16,2,8,2,0,0,16056
2,512,2,0,1024,128,4,2,4,64,32,256,8,2,16,2,16056
2,512,2,2,1024,128,4,256,4,64,32,2,8,2,16,2,16056
2,512,4,2,1024,128,4,256,4,64,32,2,8,2,16,2,16060
2,512,0,2,1024,128,8,2,4,64,32,256,8,2,16,4,16072
2,512,8,4,1024,128,32,256,4,64,16,4,8,2,2,0,16076
2,512,8,2,1024,128,32,4,4,64,16,256,8,2,2,4,16076
2,512,8,2,1024,128,32,4,4,64,16,256,8,2,2,4,16076
2,512,8,2,1024,128,32,4,4,64,16,256,8,2,2,4,16076
2,512,8,2,1024,128,32,4,4,64,16,256,8,2,2,4,16076
2,512,8,2,1024,128,32,4,4,64,16,256,8,2,2,4,16076
2,512,8,2,1024,128,32,4,4,64,16,256,2,8,4,4,16080
2,512,8,2,1024,128,32,4,4,64,16,256,2,8,8,2,16088
2,512,8,2,1024,128,32,4,4,64,16,256,2,2,16,2,16104
2,512,8,2,1024,128,32,4,4,64,32,256,2,2,2,2,16136
2,512,2,2,1024,128,8,4,4,64,64,256,2,2,2,2,16200
2,512,4,0,1024,128,8,4,4,128,256,2,4,4,0,0,16340
2,512,4,0,1024,128,8,4,4,128,256,2,8,0,0,2,16348
2,2,0,0,1024,0,4,0,4,512,8,4,8,256,256,4,16608
2,2,4,8,1024,512,8,0,4,256,256,0,8,0,4,0,16616
2,2,4,8,1024,512,8,0,4,256,256,0,8,0,4,0,16616
4,4,8,0,1024,512,8,0,4,512,0,0,8,4,0,2,17132
4,4,16,2,1024,1024,0,0,4,4,2,0,8,0,0,0,18172
8,16,2,0,2048,0,0,0,8,2,0,0,8,2,0,0,20236
0,8,16,2,0,0,0,2048,2,0,8,2,0,0,8,2,20236
0,8,16,2,0,0,2,2048,0,2,8,2,0,0,8,2,20236
0,8,16,2,0,2,2,2048,0,0,16,4,0,4,0,0,20256
0,8,16,2,0,0,4,2048,0,0,16,4,0,2,0,4,20260
0,8,16,2,0,0,4,2048,0,2,16,4,0,0,2,4,20260
0,0,16,0,0,0,4,2,0,8,16,2048,4,2,2,8,20268
4,8,16,2,0,2,4,2048,2,0,16,8,0,0,2,0,20268
0,0,16,0,0,2,4,2,4,8,16,2048,2,2,2,8,20268
4,2,16,2,2,8,4,2048,0,2,16,8,0,2,2,0,20268
0,0,16,2,0,2,4,2,4,8,16,2048,2,4,2,8,20272
4,2,16,4,2,8,4,2048,2,4,16,8,0,0,2,0,20276
2,0,16,0,0,2,4,4,4,8,16,2048,4,4,2,8,20280
2,2,16,4,8,8,4,2048,0,4,16,8,0,2,2,0,20288
0,2,16,0,2,8,4,4,2,4,16,2048,8,2,2,8,20288
0,2,2,16,0,2,8,8,2,4,16,2048,0,8,4,8,20300
4,16,0,0,2,16,2,0,2,4,16,2048,8,4,8,0,20320
4,32,2,2048,4,8,16,2,8,0,8,0,0,0,0,0,20364
4,32,2,2048,4,8,16,2,0,0,2,16,0,0,0,0,20380
8,32,2,2048,0,8,16,2,0,2,2,16,0,0,0,0,20388
8,32,2,2048,8,16,2,0,4,16,0,0,0,0,2,0,20392
0,2,0,0,0,0,0,0,16,32,2,0,4,32,4,2048,20444
2,0,0,0,2,0,0,0,16,32,2,0,4,32,4,2048,20444
4,64,2,2048,16,0,4,0,4,0,0,0,2,0,0,0,20512
4,0,0,2,16,0,0,0,4,0,2,0,2,64,4,2048,20512
0,0,4,2,0,0,0,16,0,4,4,2,2,64,4,2048,20512
2,4,8,2,0,64,4,16,0,0,0,2,0,0,2,2048,20520
2,4,8,2,0,64,4,16,2,0,2,2,0,0,0,2048,20520
0,0,0,2,2,0,8,16,0,4,4,2,4,64,2,2048,20524
2,0,0,0,2,8,16,0,8,2,0,2,4,64,2,2048,20532
4,8,16,2,8,2,2,2048,4,64,0,0,0,0,0,2,20536
2,0,0,0,4,8,0,2,8,2,16,2048,4,64,2,2,20536
2,0,0,2,4,8,2,0,8,2,16,2048,4,64,4,0,20540
4,0,0,0,4,8,2,0,8,2,16,2048,4,64,4,2,20544
4,0,0,0,4,8,2,0,8,2,16,2048,4,64,4,2,20544
8,8,2,2048,8,2,16,2,4,64,4,0,0,2,0,0,20552
16,2,2048,2,8,2,16,2,4,64,4,0,2,0,0,0,20568
16,0,2,0,8,0,2048,0,4,4,16,0,2,64,4,4,20576
16,2,0,0,8,2048,0,0,8,16,0,2,2,64,8,0,20592
0,0,16,2,0,2,8,2048,0,8,16,2,0,2,64,8,20592
0,2,16,2,0,8,8,2048,0,2,16,2,0,2,64,8,20592
0,2,16,2,0,0,16,2048,2,2,16,2,0,2,64,8,20608
0,2,16,2,0,2,16,2048,0,4,16,2,0,2,64,8,20612
0,0,0,2,0,4,16,2048,2,4,32,2,0,2,64,8,20648
2,8,16,2,0,2,32,2048,0,0,64,2,2,0,0,8,20656
4,8,16,2,0,2,32,2048,2,0,64,2,0,0,0,8,20660
4,8,16,2,2,2,32,2048,2,0,64,2,0,0,0,8,20660
4,8,16,2,0,4,32,2048,4,2,64,2,0,0,0,8,20664
0,0,0,2,0,8,16,2048,2,4,32,2,8,2,64,8,20672
0,0,0,2,0,8,16,2048,2,4,32,2,8,2,64,8,20672
0,0,0,2,0,8,16,2048,2,4,32,2,8,2,64,8,20672
2,0,2,0,8,16,2048,0,2,4,32,2,8,2,64,8,20672
2,0,0,4,0,8,16,2048,2,4,32,2,8,2,64,8,20676
0,4,2,4,0,8,16,2048,2,4,32,2,8,2,64,8,20676
2,4,2,4,8,8,16,2048,2,4,32,2,0,2,64,8,20676
2,4,2,4,0,16,16,2048,2,4,32,2,2,2,64,8,20692
4,4,2,4,2,16,16,2048,0,4,32,2,4,2,64,8,20696
0,8,2,4,2,2,32,2048,0,4,32,2,4,2,64,8,20736
2,8,2,4,4,2,64,2048,2,4,64,2,0,2,0,8,20800
2,8,2,4,4,2,64,2048,2,4,64,2,2,8,4,0,20800
2,8,2,4,4,2,128,2048,4,4,4,2,2,8,0,0,20932
2,8,2,4,4,2,128,2048,0,4,8,2,2,0,2,8,20940
2,8,2,4,4,2,128,2048,4,8,2,0,4,8,2,0,20944
2,8,2,4,4,2,128,2048,4,8,2,0,4,8,2,0,20944
0,2,0,0,2,8,2,0,4,2,128,4,8,16,4,2048,20972
2,0,0,2,2,8,2,0,4,2,128,4,8,16,4,2048,20972
4,0,0,0,2,8,2,4,4,2,128,4,8,16,4,2048,20976
4,8,2,8,2,2,128,2048,4,16,4,2,8,0,0,0,20984
4,8,2,8,2,2,128,2048,4,16,4,2,8,0,0,0,20984
4,8,2,8,4,128,2048,0,4,16,4,2,8,2,0,0,20988
4,8,2,8,2,4,128,2048,4,16,4,2,0,0,8,2,20988
0,0,2,2,4,8,128,8,2,4,4,2048,4,16,8,4,20992
4,0,0,4,4,8,128,8,0,2,8,2048,4,16,8,4,21004
0,0,0,4,0,8,2,8,4,2,128,2048,8,16,16,4,21028
4,0,2,0,8,2,8,0,4,2,128,2048,8,32,4,0,21060
4,0,2,0,8,0,8,4,4,4,128,0,8,32,4,2048,21064
4,2,0,0,16,4,0,0,8,128,2,0,8,32,4,2048,21088
2,2,0,0,4,4,0,0,16,128,2,0,16,32,4,2048,21104
2,2,2,2048,4,4,4,2,32,128,0,0,0,32,0,0,21136
4,2,2048,0,8,4,2,0,32,128,0,0,32,2,0,0,21148
0,4,2,2048,0,8,4,2,2,0,32,128,0,0,32,2,21148
4,2,2048,0,8,4,2,2,2,32,128,0,32,2,0,0,21148
4,2,2048,0,8,4,4,0,2,32,128,2,32,2,0,0,21152
4,2,2048,2,8,4,4,0,2,32,128,2,32,2,0,0,21152
4,2,2048,2,2,0,8,8,2,32,128,2,0,0,32,2,21160
4,0,2048,0,0,0,8,2,4,2,128,8,4,32,32,4,21168
4,2048,2,0,8,2,0,0,4,2,128,8,4,64,4,0,21232
0,4,2048,2,4,0,8,2,4,2,128,8,0,4,64,4,21232
0,4,2048,2,0,4,8,2,4,2,128,8,2,4,64,4,21232
0,4,2048,2,0,4,8,2,4,2,128,8,2,4,64,4,21232
4,8,2048,4,2,2,8,8,0,4,128,4,0,2,64,0,21244
4,8,2048,4,0,0,4,16,0,4,128,4,0,2,2,64,21264
4,8,2048,4,0,0,4,16,0,4,128,4,0,2,4,64,21268
4,8,2048,4,0,0,4,16,0,4,128,4,0,2,4,64,21268
4,8,2048,4,4,4,4,16,0,2,128,4,0,0,4,64,21268
4,8,2048,4,0,4,8,16,2,2,128,4,0,0,4,64,21276
4,8,2048,4,4,8,16,0,4,128,4,2,4,64,0,0,21280
4,8,2048,4,4,8,16,0,4,128,4,2,4,64,0,0,21280
8,16,2048,4,8,128,16,2,0,64,4,0,0,0,0,2,21312
16,16,2048,4,0,128,16,4,0,64,4,0,4,0,0,0,21332
0,32,2048,4,0,128,16,4,0,2,64,4,0,0,0,4,21364
0,0,2,0,0,32,2048,0,0,128,16,8,0,2,64,8,21380
2,0,2,0,32,2048,0,0,128,16,8,0,2,64,8,0,21380
2,2048,2,0,32,16,16,0,128,64,0,0,2,2,0,0,21396
0,2,2048,2,0,0,32,32,0,0,128,64,2,0,0,4,21432
0,2,2048,2,0,0,0,64,2,0,128,64,0,0,2,4,21496
0,0,0,2,0,0,2048,2,0,0,128,128,2,2,2,4,21624
2,2,2048,4,2,0,128,128,0,0,2,4,0,0,0,0,21628
0,0,0,0,2,0,2048,4,0,0,128,128,4,2,2,4,21632
0,2,0,0,0,2,2048,4,0,0,0,256,0,4,4,4,21892
2,0,0,0,2,2048,4,0,256,0,2,0,8,4,0,0,21900
2,0,0,2,2,2048,4,0,256,2,0,0,8,4,0,0,21900
4,0,0,2,2,2048,4,0,256,2,0,0,8,4,0,0,21904
4,0,0,0,2,2048,0,2,256,2,0,0,8,4,4,2,21904
0,0,2,4,0,2,2048,2,0,0,256,2,0,8,8,2,21912
0,0,2,0,0,2,2048,4,0,2,256,2,0,8,8,4,21916
0,0,2,4,0,0,2048,4,0,4,256,2,0,8,8,4,21920
0,4,2,8,0,8,2048,2,0,0,256,4,0,2,8,0,21928
0,4,2,8,0,8,2048,2,0,0,256,4,2,0,2,8,21928
0,0,2,8,0,0,2048,2,2,4,256,4,2,8,2,8,21928
2,8,0,0,2048,2,0,2,2,4,256,4,2,8,2,8,21928
0,8,0,0,2,2,2,2,2048,4,256,4,4,8,2,8,21932
2,8,2,2,2048,2,256,4,4,4,2,8,0,8,2,0,21932
0,2,8,4,2048,2,256,4,4,8,2,8,0,0,8,2,21944
4,0,8,0,0,0,256,8,2048,4,2,8,4,8,8,2,21956
4,4,8,16,2048,8,256,2,4,2,2,0,0,0,8,0,21972
8,8,16,0,2048,8,256,2,4,4,2,0,8,0,0,0,21984
0,0,16,16,2048,8,256,2,2,0,8,2,0,0,0,8,22008
32,0,0,0,2048,8,256,2,2,8,2,0,8,2,0,0,22040
32,16,256,2,2048,2,2,0,2,0,0,0,8,0,2,0,22056
32,16,256,2,2048,4,2,0,2,0,0,0,8,2,0,0,22060
32,16,256,2,0,2048,4,2,0,0,0,2,0,2,8,2,22060
32,16,256,4,0,2048,4,4,0,2,8,0,0,0,2,0,22068
32,16,256,4,2048,8,0,0,2,8,0,0,2,0,0,2,22076
2,0,0,0,32,0,0,0,2048,16,0,4,4,16,256,2,22096
0,4,0,2,0,0,0,32,0,2048,16,4,4,16,256,2,22096
0,0,4,2,2,0,0,32,0,2048,16,4,4,16,256,2,22096
4,2,0,0,2,32,0,0,2048,16,4,2,4,16,256,2,22096
4,0,0,2,2,2,0,0,2048,32,4,0,4,32,256,4,22132
4,2,4,2,2,64,256,4,2048,2,0,0,4,0,0,0,22196
4,0,0,0,2,2,0,2,2048,64,4,2,4,2,256,4,22196
4,2,4,4,2,64,256,4,2048,2,0,0,4,4,0,0,22200
4,2,8,2,2,64,256,4,2048,2,0,0,8,0,0,0,22216
4,2,8,2,2,64,256,4,2048,2,0,0,8,0,0,0,22216
4,2,0,0,2,2,0,0,2048,64,8,2,8,2,256,4,22216
4,2,0,0,4,2,0,0,2048,64,8,2,8,2,256,4,22220
0,2,0,0,8,4,0,0,2048,64,8,2,8,2,256,4,22232
0,2,0,0,8,4,0,0,2048,64,8,2,8,2,256,4,22232
0,2,0,0,8,4,0,0,2048,64,8,2,8,2,256,4,22232
8,2,8,2,2048,4,256,4,8,64,0,0,0,2,0,2,22232
0,2,0,2,8,4,0,2,2048,64,8,4,8,2,256,2,22232
0,2,0,4,0,8,4,2,2048,64,8,4,8,2,256,2,22236
2,4,0,2,8,4,2,0,2048,64,8,4,8,2,256,2,22236
2,2,4,2,0,8,4,2,2048,64,8,4,8,2,256,2,22236
2,2,8,4,2048,8,8,4,8,64,256,2,0,2,2,0,22248
0,4,8,4,0,2048,16,4,8,64,256,2,0,2,0,4,22272
0,4,0,0,0,2048,8,8,2,64,16,2,8,2,256,4,22280
0,4,0,0,0,2048,8,8,2,64,16,2,8,2,256,4,22280
0,4,0,4,0,0,2048,16,2,64,16,2,8,2,256,4,22296
8,0,0,0,2048,16,0,2,2,64,16,2,8,2,256,4,22304
8,16,16,4,2048,64,256,4,2,2,0,0,8,0,0,2,22308
0,8,32,4,2048,64,256,4,0,2,0,4,0,0,8,2,22344
0,8,32,4,2048,64,256,4,0,0,2,4,2,0,8,2,22344
0,8,32,4,2048,64,256,4,0,0,2,4,2,2,8,2,22344
0,8,32,4,2048,64,256,4,2,0,2,4,0,4,8,2,22348
2048,8,32,8,2,64,256,4,0,4,2,2,0,4,8,0,22356
2048,8,32,8,2,64,256,4,2,8,2,2,0,0,8,0,22364
2048,8,32,8,2,64,256,4,4,2,8,4,0,0,0,8,22368
2048,8,32,8,2,64,256,8,4,2,8,8,0,0,0,2,22376
2048,8,32,8,2,64,256,8,0,4,2,16,0,2,0,2,22392
2048,8,32,16,2,64,256,16,0,4,2,2,2,2,0,0,22408
2048,8,32,16,2,64,256,16,4,4,0,0,4,2,0,0,22416
2,8,0,0,2048,64,0,0,2,4,32,0,8,2,256,32,22456
2,0,2,8,0,0,2048,64,0,2,4,32,8,2,256,32,22456
2,4,2,8,8,0,2048,64,0,0,4,64,0,2,256,0,22524
0,0,2,2,0,0,2048,0,2,4,4,8,8,2,256,128,22652
4,0,0,0,2048,0,0,2,2,8,8,0,8,2,256,128,22664
4,0,2,0,2048,0,0,0,2,8,8,2,8,2,256,128,22664
4,2,0,0,2048,0,2,0,2,16,2,0,8,2,256,128,22680
0,0,4,2,0,2,2048,2,0,2,16,2,8,2,256,128,22680
4,2,2,0,2,2048,2,0,2,16,2,0,8,2,256,128,22680
4,2,4,128,4,2048,2,2,8,16,256,0,0,2,0,0,22688
8,2,4,128,8,2048,2,2,0,16,256,0,0,2,2,0,22696
8,2,4,128,8,2048,4,0,16,256,0,0,4,0,4,0,22704
16,2,8,128,16,2048,4,0,4,256,0,0,0,0,0,2,22728
16,2,8,128,0,16,2048,4,0,2,4,256,0,0,0,2,22728
16,2,8,128,0,16,2048,4,0,2,4,256,0,0,0,2,22728
16,2,8,128,0,16,2048,4,0,2,4,256,0,0,0,2,22728
16,2,8,128,0,16,2048,4,0,2,4,256,0,0,0,2,22728
16,2,8,128,0,16,2048,4,0,2,4,256,0,0,0,2,22728
4,0,0,128,0,2,8,4,0,16,2048,256,16,2,4,2,22728
4,128,0,0,2,8,4,0,16,2048,256,2,16,2,4,2,22728
4,128,0,0,2,8,4,0,16,2048,256,2,16,2,4,2,22728
4,128,0,0,4,8,4,0,2,2048,256,0,32,2,4,4,22764
8,128,4,4,2,8,256,2,32,2048,4,0,0,2,0,0,22772
0,128,0,2,8,8,4,0,2,2048,256,4,32,2,4,2,22772
128,2,0,0,16,4,0,2,2,2048,256,4,32,2,4,2,22788
128,2,256,2,16,4,4,4,2,2048,2,2,32,2,0,0,22788
128,2,256,2,16,8,4,2,2,2048,4,0,32,2,0,0,22800
128,2,256,4,16,8,8,0,2,2048,0,0,32,2,2,0,22812
128,2,256,4,16,8,8,0,2,2048,2,0,32,2,2,0,22812
128,2,256,4,16,16,2,0,2,2048,2,0,32,4,0,0,22832
128,2,0,0,16,16,0,0,2,2048,256,2,32,4,4,4,22836
128,2,256,2,16,16,4,4,2,2048,0,2,32,4,0,0,22836
128,2,256,2,16,16,4,4,2,2048,0,2,32,4,0,0,22836
128,2,256,2,32,8,0,0,2,2048,2,2,32,4,0,0,22876
128,2,0,0,32,8,0,0,2,2048,256,2,32,4,2,4,22880
128,2,0,0,32,8,0,0,2,2048,256,2,32,4,2,4,22880
128,2,256,2,32,8,2,4,2,2048,0,0,32,4,0,4,22880
128,2,256,2,32,8,2,8,2,2048,0,0,32,4,2,0,22888
128,2,256,2,32,8,2,8,2,2048,0,0,32,4,2,0,22888
128,2,256,2,32,8,2,8,2,0,2,2048,0,32,4,2,22888
128,2,256,2,32,8,4,8,2,32,4,2048,0,0,4,2,22892
128,2,256,2,32,8,4,8,2,32,4,2048,0,0,4,2,22892
128,2,256,2,32,8,8,8,2,32,4,2048,2,0,0,2,22900
128,2,256,2,0,32,8,16,2,32,4,2048,0,2,0,4,22920
2,0,0,2,0,2,256,16,128,64,8,2048,2,2,4,4,22984
4,2,0,0,2,256,16,0,128,64,8,2048,4,8,0,0,23000
4,2,0,0,2,256,0,2,128,64,16,0,4,8,8,2048,23000
4,2,2,0,2,256,0,0,128,64,16,2,4,8,8,2048,23000
4,4,0,0,2,256,0,2,128,64,16,2,4,16,2048,0,23020
0,0,0,8,0,2,256,2,128,64,16,2,4,4,16,2048,23028
128,2,256,8,4,64,32,4,0,4,0,2048,0,0,2,0,23064
2,0,0,0,0,2,256,8,128,64,32,4,4,4,2,2048,23064
2,2,256,8,128,64,32,4,4,4,2,2048,0,0,2,0,23064
2,2,256,8,128,64,32,4,4,4,4,2048,0,2,0,0,23068
2,2,256,8,128,64,32,4,4,4,4,2048,0,2,0,0,23068
4,256,8,2,128,64,32,4,8,4,2048,0,2,0,0,0,23080
4,256,8,2,128,64,32,4,8,4,2048,0,2,0,0,0,23080
4,256,8,2,128,64,32,4,8,4,2048,0,2,0,0,0,23080
4,256,8,2,128,64,32,4,8,4,2048,0,2,0,0,0,23080
4,256,8,2,128,64,32,4,8,4,2048,0,2,0,0,0,23080
4,256,8,2,128,64,32,4,8,4,2048,0,2,0,0,0,23080
4,2,0,0,128,256,8,0,8,64,32,2,2,4,2048,4,23080
2,0,4,2,0,128,256,8,8,64,32,2,2,4,2048,4,23080
2,4,2,0,128,256,8,2,8,64,32,2,2,4,2048,4,23080
2,4,2,0,128,256,8,2,8,64,32,2,2,4,2048,4,23080
2,4,2,2,128,256,8,0,8,64,32,4,2,4,2048,4,23084
0,2,4,4,2,128,256,8,8,64,32,4,2,4,2048,4,23088
2,0,2,8,2,128,256,8,8,64,32,4,2,4,2048,4,23096
4,128,2,16,8,64,256,8,2,4,32,0,2,0,2048,0,23124
4,128,2,16,8,64,256,8,2,4,32,0,2,2048,0,2,23124
4,128,2,16,8,64,256,8,4,4,32,2,2,2048,0,0,23128
4,128,0,2,8,64,2,16,4,4,256,8,2,2048,32,2,23128
4,128,2,0,8,64,2,16,8,256,8,2,2,2048,32,2,23136
0,128,0,2,4,64,4,0,16,256,8,16,2,2048,32,4,23160
2,128,0,0,4,64,4,2,16,256,8,16,2,2048,32,4,23160
2,128,0,0,4,64,4,2,16,256,8,16,2,2048,32,4,23160
2,128,0,0,4,64,4,2,16,256,8,16,2,2048,32,4,23160
2,128,4,2,4,64,8,16,16,256,32,4,2,2048,2,0,23160
2,128,4,2,4,64,8,16,16,256,32,4,2,2048,2,0,23160
2,128,4,2,4,64,8,16,16,256,32,4,2,2048,2,0,23160
2,128,4,2,4,64,8,2,16,256,32,16,2,2048,2,4,23160
2,128,4,2,4,64,8,2,16,256,32,16,2,2048,2,4,23160
2,128,4,4,4,64,8,16,16,256,32,4,2,2048,2,2,23164
0,2,128,8,4,64,8,16,16,256,32,4,2,2,2048,4,23176
2,2,128,0,4,64,8,8,16,256,32,16,2,2,2048,8,23184
2,2,128,0,4,64,8,8,16,256,32,16,2,2,2048,8,23184
2,2,128,8,4,64,8,16,16,256,32,8,2,2,2048,2,23184
4,128,8,0,4,64,8,16,16,256,32,8,4,2048,2,2,23192
2,128,0,0,8,64,16,16,16,256,32,8,4,2048,2,2,23216
2,128,0,0,8,64,32,2,16,256,32,8,4,2048,4,0,23252
2,128,0,2,8,64,0,0,16,256,64,2,4,2048,4,8,23316
2,128,2,2,8,64,0,0,16,256,64,2,4,2048,4,8,23316
2,128,0,0,8,64,2,2,16,256,64,4,4,2048,4,8,23320
2,128,2,2,8,64,64,4,16,256,4,8,4,2048,2,0,23320
2,128,4,2,8,128,4,0,16,256,4,8,4,2048,2,0,23452
2,0,2,0,8,256,4,0,16,256,8,2,4,2048,2,8,23716
4,0,2,0,8,256,4,0,16,256,8,2,4,2048,2,8,23720
4,512,2,2,8,2048,4,8,16,0,8,0,4,2,2,0,24232
4,4,512,4,8,2048,4,8,0,0,16,8,0,0,4,4,24240
0,0,512,0,0,2,4,4,4,4,16,16,8,2048,4,4,24256
512,0,0,0,2,8,2,0,8,32,0,0,8,2048,8,0,24312
0,0,0,512,0,2,8,2,4,0,8,32,0,8,2048,8,24312
4,2,16,512,4,8,2048,2,0,0,0,32,0,0,0,8,24328
4,2,16,512,4,8,2048,2,32,0,0,0,8,0,2,0,24328
8,2,16,512,32,8,2048,2,8,0,2,0,0,0,0,2,24336
8,2,16,512,32,8,2048,2,0,0,8,2,0,0,2,2,24336
0,0,16,0,0,2,2048,512,8,2,8,2,32,8,2,4,24340
0,0,16,0,0,2,2048,512,8,4,8,2,32,8,2,4,24344
16,0,0,2,2,2048,512,0,8,4,8,2,32,8,2,4,24344
0,0,16,2,2,2,2048,512,8,4,8,2,32,8,2,4,24344
4,0,16,2,0,4,2048,512,8,4,8,2,32,8,2,4,24348
2,4,16,2,0,4,2048,512,8,4,8,2,32,8,2,4,24348
2,0,16,2,2,4,2048,512,8,8,8,2,32,8,2,4,24356
2,16,2,2,2,4,2048,512,16,8,2,0,32,8,2,4,24372
4,16,2,2,16,4,2048,512,32,16,4,4,0,0,2,0,24396
4,16,4,0,16,4,2048,512,32,16,8,0,2,2,0,0,24408
4,16,4,0,16,4,2048,512,32,16,8,2,4,0,0,0,24412
4,2,0,0,16,16,4,0,32,4,2048,512,4,16,8,2,24412
4,2,0,2,32,4,0,0,32,4,2048,512,4,16,8,2,24444
4,2,2048,2,64,8,8,512,4,16,2,2,0,0,0,0,24516
4,2,2048,2,64,8,8,512,4,16,2,2,0,0,0,0,24516
4,2,2048,2,0,64,16,512,0,4,16,4,0,0,2,0,24536
4,2,2048,2,2,64,32,512,0,4,2,4,0,0,0,0,24568
4,2,2048,2,2,64,32,512,0,4,2,4,0,0,0,0,24568
4,2,2048,2,2,64,32,512,4,2,4,0,0,2,0,0,24568
4,2,2048,2,2,64,32,512,0,4,2,4,2,0,0,2,24568
4,2,2048,2,2,64,32,512,0,4,2,4,2,0,0,4,24572
4,2,2048,2,4,64,32,512,0,4,2,8,0,0,2,0,24584
4,2,2048,2,4,64,32,512,0,4,2,8,0,2,0,2,24584
4,2,2048,2,4,64,32,512,4,2,8,2,4,0,0,0,24588
4,2,2048,2,4,64,32,512,4,2,8,2,2,0,0,4,24588
4,2,2048,2,4,64,32,512,4,2,8,2,0,2,2,4,24588
4,2,2048,2,4,64,32,512,4,2,8,2,2,0,4,4,24592
8,2,2048,2,4,64,32,512,2,2,8,2,0,2,4,4,24600
8,2,2048,2,4,64,32,512,4,8,2,2,2,8,0,0,24612
8,2,2048,2,4,64,32,512,4,8,4,2,2,8,0,0,24616
8,2,2048,2,4,64,32,512,4,8,4,2,2,8,0,0,24616
8,2,2048,2,8,64,32,512,2,16,4,2,0,0,2,0,24640
8,2,2048,2,8,64,32,512,2,16,4,2,0,0,2,2,24640
8,2,2048,2,8,64,32,512,2,16,4,2,0,2,0,4,24644
0,2,0,2,2,64,2048,512,16,16,32,2,2,2,4,4,24660
4,0,0,2,2,64,2048,512,32,32,2,0,4,8,0,0,24708
0,4,4,2,2,64,2048,512,0,0,64,2,0,0,4,8,24772
0,0,4,2,0,0,2048,512,2,4,64,2,2,64,4,8,24772
0,0,4,2,4,0,2048,512,0,4,64,2,4,64,4,8,24776
4,2,0,0,4,2048,512,2,4,64,2,0,4,64,4,8,24776
8,2,512,2,8,2048,2,8,0,128,4,2,0,0,0,0,24920
16,2,512,2,0,2048,2,8,0,128,4,2,0,0,0,4,24936
16,2,512,2,0,2048,2,8,0,128,4,2,0,0,0,4,24936
16,2,512,2,0,2048,2,8,0,128,4,2,0,0,0,4,24936
16,2,512,2,0,2048,2,8,0,128,4,2,0,0,0,4,24936
16,2,512,2,2048,2,8,2,128,4,2,0,4,0,0,0,24936
16,2,512,2,2048,2,8,2,128,4,2,0,4,0,0,0,24936
16,4,512,4,2048,4,8,0,128,0,2,0,4,0,0,4,24944
16,4,512,4,2048,4,8,0,128,2,0,0,8,2,0,0,24952
16,4,512,4,2048,4,8,0,128,2,0,0,8,2,0,0,24952
16,0,2,0,2048,0,0,0,128,8,512,0,8,4,8,4,24964
0,2,16,2,0,0,0,2048,0,128,8,512,8,4,8,4,24964
0,2,16,2,0,0,0,2048,0,128,8,512,8,4,8,4,24964
8,2,16,2,0,128,16,2048,0,4,0,512,2,0,0,4,24980
8,2,32,2,2,128,0,2048,0,4,0,512,0,0,2,4,25012
8,2,32,2,2,128,2,2048,2,4,0,512,0,0,0,4,25012
8,2,32,2,4,128,2,2048,0,4,0,512,0,0,2,4,25016
8,2,32,2,4,128,2,2048,4,512,0,0,2,4,0,2,25016
0,2,0,2,8,128,0,2,8,512,32,2048,2,4,2,2,25024
0,2,0,0,2,128,0,4,16,512,32,2048,2,4,2,2,25044
2,0,0,0,2,128,4,2,16,512,32,2048,2,4,4,0,25048
2,0,0,2,2,128,4,2,16,512,32,2048,0,0,2,8,25056
0,2,0,0,0,0,4,4,4,128,32,2048,16,512,2,8,25064
0,2,0,2,0,0,0,8,4,128,32,2048,16,512,2,8,25072
0,0,0,4,2,0,0,8,4,128,32,2048,16,512,2,8,25076
0,0,0,4,2,0,0,8,4,128,32,2048,16,512,2,8,25076
4,0,0,0,2,8,0,2,4,128,32,2048,16,512,2,8,25076
0,0,2,4,0,2,8,2,4,128,32,2048,16,512,2,8,25076
0,0,2,4,0,2,8,2,4,128,32,2048,16,512,2,8,25076
0,0,2,4,0,2,8,2,4,128,32,2048,16,512,2,8,25076
0,0,2,4,0,2,8,2,4,128,32,2048,16,512,2,8,25076
2,4,0,2,2,8,2,0,4,128,32,2048,16,512,2,8,25076
2,4,2,0,2,8,2,2,4,128,32,2048,16,512,2,8,25076
2,4,0,0,4,8,4,2,4,128,32,2048,16,512,2,8,25084
2,4,4,2,8,8,32,2048,16,128,2,8,0,512,0,4,25092
2,8,2,0,16,32,2048,0,16,128,2,8,512,4,0,2,25116
2,8,2,8,32,32,2048,2,512,128,2,0,0,4,0,4,25148
2,8,2,8,0,64,2048,2,0,512,128,2,0,0,4,8,25220
0,2,2,0,0,8,2048,8,0,64,128,4,2,512,4,8,25224
2,2,2,8,0,8,2048,4,0,64,128,8,2,512,4,0,25224
4,2,2,8,0,8,2048,4,0,64,128,8,2,512,4,0,25228
4,4,8,0,8,2048,4,0,64,128,8,0,2,512,4,2,25232
8,8,0,0,8,2048,4,2,64,128,8,0,2,512,4,2,25240
16,8,4,4,64,2048,8,0,2,128,4,2,0,512,0,0,25260
16,8,8,0,64,2048,8,0,2,128,4,2,512,2,0,0,25268
4,0,16,16,0,64,2048,8,2,128,4,2,0,0,512,2,25284
0,2,4,32,0,64,2048,8,2,128,4,2,0,0,512,2,25316
2,2,4,32,0,64,2048,8,0,128,4,4,0,0,512,2,25320
2,2,4,32,0,64,2048,8,0,128,4,4,0,0,512,2,25320
0,0,4,32,0,2,2048,8,2,64,4,4,2,128,512,2,25320
0,2,4,32,0,2,2048,8,0,2,64,8,2,128,512,2,25328
2,4,32,0,2,2048,8,2,2,64,8,0,2,128,512,2,25328
4,4,32,4,4,2048,16,0,0,64,512,0,2,128,0,0,25356
8,4,32,4,2,2048,16,0,2,64,512,0,0,128,0,0,25364
8,4,32,4,4,2048,16,0,0,64,512,0,2,128,0,0,25368
8,4,32,4,4,2048,16,0,2,64,512,0,4,128,0,0,25368
8,4,32,4,4,2048,16,0,2,64,512,0,4,128,0,0,25368
8,4,32,4,4,2048,16,0,2,64,512,0,4,128,0,0,25368
8,4,32,4,4,2048,16,0,2,64,512,0,4,128,0,0,25368
8,4,32,4,4,2048,16,0,2,64,512,0,4,128,0,0,25368
8,4,32,4,0,4,2048,16,2,2,64,512,0,0,4,128,25368
8,4,32,4,0,4,2048,16,0,4,64,512,0,2,4,128,25372
8,8,32,4,2,4,2048,16,0,2,64,512,0,0,4,128,25380
2,0,32,4,0,8,2048,16,8,4,64,512,2,2,4,128,25380
2,32,4,0,8,2048,16,0,8,4,64,512,4,4,128,2,25384
2,32,4,512,16,2048,16,2,4,8,64,2,0,0,128,0,25408
2,32,4,512,16,2048,16,4,4,8,64,0,0,4,128,0,25412
2,32,4,0,2,2048,16,0,16,8,64,512,4,4,128,4,25412
0,2,32,4,2,2,2048,16,16,8,64,512,0,8,128,4,25420
2,4,32,4,16,16,2048,16,0,0,64,512,0,2,128,4,25440
2,4,32,4,32,2048,16,0,64,512,2,0,2,128,4,0,25472
2,4,32,4,0,32,2048,16,2,64,512,2,0,2,128,4,25472
4,4,32,4,0,32,2048,16,0,64,512,2,2,2,128,4,25476
4,4,32,4,2,32,2048,16,0,64,512,2,2,2,128,4,25476
8,32,4,0,2,32,2048,16,64,512,2,0,4,128,4,2,25488
8,0,4,0,2,64,2048,2,64,512,2,16,4,128,4,2,25552
0,2,8,4,2,64,2048,2,64,512,2,16,4,128,4,2,25552
0,2,8,4,2,64,2048,2,64,512,2,16,4,128,4,2,25552
2,8,4,2,2,64,2048,2,64,512,2,16,4,128,4,2,25552
4,8,4,4,64,64,2048,16,4,512,2,2,2,128,4,0,25560
4,8,8,0,128,2048,16,0,4,512,4,0,2,128,4,2,25700
4,16,0,2,128,2048,16,0,4,512,4,0,2,128,4,2,25716
4,16,16,4,128,2048,8,0,4,512,0,0,2,128,2,0,25728
0,4,32,4,0,128,2048,8,0,0,4,512,2,2,128,2,25760
0,0,32,4,0,4,2048,8,2,128,4,512,2,2,128,2,25760
32,4,2,0,4,2048,8,0,2,128,4,512,4,128,2,0,25764
32,0,2,0,4,4,8,2,2,2048,4,0,4,256,2,512,26020
32,2,0,2,8,8,2,0,2,2048,4,0,4,256,2,512,26028
32,4,0,2,16,2,0,0,2,2048,4,0,4,256,2,512,26048
0,32,4,2,0,2,16,2,0,2,2048,4,4,256,2,512,26048
32,4,2,0,2,16,2,0,2,2048,4,2,4,256,2,512,26048
0,4,0,0,32,16,4,2,4,2048,4,2,4,256,2,512,26056
2,0,0,4,32,16,4,2,4,2048,4,2,4,256,2,512,26056
0,2,2,4,32,16,4,2,4,2048,4,2,4,256,2,512,26056
32,2,2,4,8,16,8,4,0,2048,2,512,0,256,2,0,26076
0,2,0,2,0,16,2,0,32,2048,8,8,8,256,4,512,26088
32,2,2,2,8,16,8,8,0,2048,4,512,0,256,0,2,26088
0,32,2,4,0,8,16,16,0,2048,4,512,2,0,256,2,26108
0,0,2,4,0,32,16,16,2,8,4,512,2,2048,256,2,26108
0,0,2,4,0,32,16,16,2,8,4,512,4,2048,256,2,26112
0,0,2,4,4,0,32,32,2,8,4,512,4,2048,256,2,26144
2,4,2,0,4,64,0,0,2,8,4,512,4,2048,256,2,26208
0,2,4,2,0,4,4,64,2,8,4,512,4,2048,256,2,26208
0,2,4,2,2,0,8,64,2,8,4,512,4,2048,256,2,26216
0,0,4,2,2,2,8,64,4,8,4,512,4,2048,256,2,26220
2,2,4,2,8,8,8,64,0,2048,4,512,0,4,256,2,26228
4,4,2,0,16,8,64,0,2048,4,512,0,4,256,2,2,26248
4,4,2,0,16,8,64,0,2048,4,512,0,4,256,2,2,26248
2,0,8,2,0,16,8,64,0,2048,4,512,0,4,256,4,26260
2,0,0,2,0,16,16,64,0,2048,4,512,2,4,256,4,26276
4,2,0,0,32,64,0,0,2048,4,512,0,2,4,256,4,26312
4,2,0,0,32,64,0,0,2048,4,512,0,2,4,256,4,26312
4,2,0,0,32,64,0,0,2048,4,512,0,2,4,256,4,26312
4,2,0,0,32,64,0,0,2048,4,512,0,2,4,256,4,26312
4,2,0,0,32,64,0,0,2048,4,512,0,2,4,256,4,26312
4,2,0,0,32,64,0,0,2048,4,512,0,2,4,256,4,26312
4,2,512,4,32,64,256,2,2048,8,0,0,2,0,0,0,26320
4,2,512,4,32,64,256,2,2048,8,0,0,2,0,0,0,26320
4,2,512,4,32,64,256,2,0,0,2048,8,0,2,0,2,26320
4,2,512,4,32,64,256,2,2048,8,0,4,4,0,0,0,26324
4,2,512,4,32,64,256,2,0,2048,8,4,0,0,2,4,26324
4,2,512,4,32,64,256,2,2,2048,8,8,0,0,2,0,26332
4,2,512,4,32,64,256,2,2,2,2048,16,0,0,0,2,26348
4,2,512,4,32,64,256,2,4,2048,16,0,2,0,4,0,26352
4,2,512,4,32,64,256,2,4,2048,16,0,2,4,2,0,26352
4,2,512,4,32,64,256,2,4,2048,16,0,2,4,2,0,26352
4,2,512,0,32,64,256,2,4,2048,16,4,2,4,2,2,26352
4,2,512,0,32,64,256,2,4,2048,16,4,2,4,2,2,26352
0,4,2,512,32,64,256,2,4,2048,16,4,4,2,4,4,26356
32,4,2,512,8,64,256,2,0,2048,16,8,2,2,4,0,26372
32,4,2,512,8,64,256,2,2048,16,8,0,4,4,0,2,26376
32,4,0,4,8,64,2,0,2048,16,256,512,4,4,8,4,26380
32,8,2,0,8,64,2,0,2048,16,256,512,8,8,4,0,26396
32,8,0,0,8,64,4,2,2048,16,256,0,8,8,4,512,26400
32,8,0,0,8,64,4,2,2048,16,256,2,8,8,4,512,26400
0,2,32,8,8,64,4,2,2048,16,256,2,0,16,4,512,26416
0,2,32,8,8,64,4,2,2048,16,256,2,0,16,4,512,26416
0,2,32,8,8,64,4,2,2048,16,256,2,0,16,4,512,26416
8,2,32,8,2048,64,4,4,0,32,256,512,0,2,4,0,26452
8,2,32,8,2048,64,4,4,0,32,256,512,0,2,4,0,26452
8,2,32,8,2048,64,8,0,32,256,512,2,2,4,0,0,26460
8,2,4,0,2048,64,32,0,32,256,8,8,2,4,512,2,26460
8,2,4,0,2048,64,32,0,32,256,16,2,2,4,512,2,26476
8,2,4,0,2048,64,32,0,32,256,16,2,2,4,512,2,26476
8,2,4,0,2048,64,32,0,32,256,16,2,2,4,512,4,26480
8,2,4,0,2048,64,32,0,32,256,16,2,2,4,512,4,26480
8,2,4,0,2048,64,32,0,32,256,16,2,2,4,512,4,26480
8,2,4,0,2048,64,32,0,32,256,16,2,2,4,512,4,26480
0,8,2,4,2,2048,64,32,32,256,16,2,2,4,512,4,26480
2,8,2,4,32,2048,64,32,2,256,16,2,2,4,512,4,26480
2,8,2,4,2,2048,64,32,32,256,16,2,4,4,512,4,26484
2,8,2,4,2,2048,64,32,32,256,16,2,8,512,4,2,26492
2,8,2,0,4,2048,64,4,32,256,16,32,8,512,4,4,26500
0,2,8,2,4,2048,64,4,32,256,16,32,2,8,512,8,26508
0,2,8,2,4,2048,64,4,32,256,16,32,2,8,512,8,26508
0,2,8,2,4,2048,64,4,32,256,16,32,2,8,512,8,26508
2,8,2,2,4,2048,64,4,32,256,16,32,2,8,512,8,26508
2,2,8,4,4,2048,64,4,32,256,16,32,2,8,512,8,26512
2,2,8,8,4,2048,64,32,32,256,16,8,2,8,512,2,26520
2,2,8,8,4,2048,64,32,32,256,16,8,2,8,512,2,26520
4,16,2,0,4,2048,64,32,32,256,16,8,2,8,512,2,26540
8,16,2,32,32,2048,64,8,2,256,16,2,0,8,512,2,26548
8,16,2,32,32,2048,64,8,2,256,16,2,8,512,2,2,26548
8,16,2,32,32,2048,64,8,2,256,16,4,8,512,2,2,26552
8,16,2,32,32,2048,64,8,2,256,16,4,2,8,512,4,26556
8,16,2,32,32,2048,64,8,4,256,16,8,0,8,512,2,26568
2,16,2,0,8,2048,64,32,32,256,16,16,4,8,512,2,26584
2,2,16,2,8,2048,64,32,0,32,256,32,4,8,512,2,26616
2,2,16,2,8,2048,64,64,4,32,256,2,2,8,512,0,26680
0,4,16,2,2,8,2048,128,4,32,256,2,0,2,8,512,26812
2,4,16,2,4,8,2048,128,0,32,256,2,2,2,8,512,26812
2,4,16,2,2,8,2048,128,4,32,256,2,2,2,8,512,26812
2,4,16,2,2,8,2048,128,4,32,256,2,2,4,8,512,26816
2,4,16,2,2,8,2048,128,4,32,256,2,2,4,8,512,26816
4,4,16,2,4,8,2048,128,2,32,256,2,2,4,8,512,26820
2,8,16,2,4,8,2048,128,2,32,256,2,2,4,8,512,26828
2,0,16,2,2,16,2048,128,4,32,256,2,4,4,8,512,26848
2,16,2,2,2,16,2048,128,4,32,256,2,8,8,512,0,26856
2,0,2,0,4,32,2048,2,4,32,256,128,8,8,512,2,26892
4,0,0,0,4,32,2048,2,4,32,256,128,16,512,2,2,26912
0,0,2,0,4,0,2048,2,8,64,256,128,16,512,2,2,26984
2,0,0,2,4,2048,2,0,8,64,256,128,16,512,4,0,26988
4,0,0,0,4,2048,2,0,8,64,256,128,16,512,4,2,26992
8,2048,2,128,8,64,256,2,16,512,4,0,0,2,0,0,27000
8,2048,2,128,8,64,256,2,0,16,512,4,4,0,0,2,27000
8,2048,2,128,8,64,256,2,16,512,4,2,4,2,0,0,27000
8,2048,2,128,8,64,256,2,16,512,4,2,4,2,0,0,27000
2,2048,0,0,16,64,2,0,16,512,256,128,4,2,4,4,27020
2,2048,0,0,16,64,2,2,16,512,256,128,4,2,8,0,27028
2,2048,2,0,16,64,4,0,16,512,256,128,4,2,8,0,27032
0,2048,2,0,2,64,4,2,32,512,256,0,4,2,8,128,27064
2048,2,0,0,2,64,4,2,32,512,256,2,4,2,8,128,27064
2048,2,4,4,2,64,256,128,32,512,8,4,4,2,0,0,27068
2048,2,4,4,2,64,256,128,32,512,8,4,4,2,0,0,27068
0,2048,2,8,2,64,256,128,32,512,8,4,0,2,4,2,27076
2,2048,2,8,32,64,256,128,4,512,8,4,0,2,4,2,27076
2,2048,2,8,32,64,256,128,4,512,8,4,2,4,2,2,27076
2,2048,2,8,32,64,256,128,4,512,8,4,2,4,2,2,27076
2,2048,2,8,32,64,256,128,4,512,8,4,2,4,2,2,27076
2,2048,2,8,32,64,256,128,4,512,8,4,2,4,2,2,27076
2,2048,2,8,32,64,256,128,4,512,8,4,2,2,4,4,27080
2,2048,2,8,32,64,256,128,4,512,8,8,2,2,4,2,27088
2,2048,2,8,32,64,256,128,4,512,8,8,2,2,4,2,27088
2,2048,2,8,32,64,256,128,2,4,512,16,0,4,4,2,27108
2,2048,2,8,32,64,256,128,2,8,512,16,2,0,4,2,27116
2,2048,2,8,32,64,256,128,2,8,512,16,2,4,2,2,27116
2,2048,2,8,2,64,256,128,32,8,512,16,4,4,2,2,27120
4,2048,2,8,32,64,256,128,4,8,512,16,2,4,2,2,27124
4,2048,2,8,32,64,256,128,4,8,512,16,2,4,2,2,27124
4,2048,2,8,32,64,256,128,4,8,512,16,2,4,4,4,27128
4,2048,2,8,32,64,256,128,4,8,512,16,2,8,4,2,27136
4,2048,2,8,32,64,256,128,4,8,512,16,2,8,4,2,27136
4,2048,2,8,32,64,256,128,4,16,512,16,2,2,4,2,27152
4,2048,2,8,32,64,256,128,4,16,512,16,4,4,2,2,27156
2,2048,2,8,4,64,256,128,32,16,512,16,8,4,2,2,27164
2,2048,2,8,4,64,256,128,32,16,512,16,8,4,4,2,27168
2,2048,2,8,4,64,256,128,32,16,512,16,8,8,2,2,27176
2,2048,2,8,4,64,256,128,32,16,512,16,16,4,2,0,27196
2,2048,2,8,4,64,256,128,32,16,512,16,2,16,4,2,27196
2,2048,2,8,4,64,256,128,32,32,512,16,2,2,4,2,27228
2,2048,2,8,4,64,256,128,2,64,512,16,0,4,4,2,27296
2,2048,2,8,4,128,256,128,2,4,512,16,2,0,4,2,27424
0,2,2,8,2,2048,256,128,4,128,512,16,4,4,4,2,27428
0,2,2,8,4,2048,256,128,2,128,512,16,8,4,4,2,27436
0,2,4,8,4,2048,256,128,2,128,512,16,0,8,8,2,27448
4,2,4,8,0,2048,256,128,4,128,512,16,2,8,8,2,27448
0,2,4,8,2,2048,256,128,8,128,512,16,2,8,8,2,27456
0,2,4,8,2,2048,256,128,8,128,512,16,2,8,8,2,27456
0,2,4,8,2,2048,256,128,8,128,512,16,2,8,8,2,27456
2,2,4,8,8,2048,256,128,2,128,512,16,2,8,8,2,27456
2,2,4,8,8,2048,256,128,4,128,512,16,2,8,8,2,27460
2,4,4,8,8,2048,256,128,4,128,512,16,0,2,16,2,27480
2,4,4,8,8,2048,256,128,4,128,512,16,0,2,16,2,27480
0,2,8,8,8,2048,256,128,4,128,512,16,2,2,16,2,27488
2,16,2,0,8,2048,256,128,4,128,512,16,4,16,2,0,27508
0,16,2,0,2,2048,256,2,8,128,512,128,8,16,2,16,27516
0,2,16,2,2,2048,256,2,8,128,512,128,8,16,2,16,27516
0,2,16,2,2,2048,256,2,8,128,512,128,8,16,2,16,27516
2,2,16,0,0,2048,256,4,2,128,512,128,16,16,2,16,27536
0,2,4,16,0,2048,256,4,2,128,512,128,0,32,2,16,27572
0,2,4,16,0,2048,256,4,2,128,512,128,0,32,2,16,27572
2,2,4,16,0,2048,256,4,0,128,512,128,2,32,2,16,27572
4,4,16,2,2048,256,4,0,128,512,128,0,2,32,2,16,27576
4,4,16,2,2048,256,4,16,128,512,128,0,2,32,2,2,27576
4,4,16,2,2048,256,4,2,128,512,128,16,2,32,2,2,27576
4,4,16,4,2048,256,4,16,128,512,128,2,2,32,2,4,27580
8,16,4,2,2048,256,4,16,128,512,128,2,2,32,2,4,27588
8,16,4,2,2048,256,4,16,128,512,128,2,2,32,2,4,27588
8,16,8,2,2048,256,128,16,128,512,2,2,2,32,2,4,27596
8,16,2,2,2048,256,8,16,128,512,128,2,2,32,4,4,27600
8,16,4,0,2048,256,8,16,128,512,128,2,2,32,8,2,27612
8,16,4,16,2048,256,8,4,128,512,128,0,2,32,8,2,27616
8,16,4,16,2048,256,8,4,128,512,128,2,2,32,8,2,27616
8,16,4,16,2048,256,8,4,128,512,128,2,2,32,8,2,27616
8,16,4,2,2048,256,8,16,128,512,128,4,2,32,8,4,27620
8,16,4,2,2048,256,8,2,128,512,128,16,2,32,8,8,27628
8,16,4,4,2048,256,8,16,128,512,128,8,2,32,8,2,27632
8,16,8,2,2048,256,8,16,128,512,128,8,2,32,8,2,27640
8,16,16,2,2048,256,128,16,128,512,8,8,2,32,2,2,27656
0,8,32,2,2048,256,128,16,2,128,512,16,0,2,32,4,27708
2,8,32,0,0,256,128,2,2048,128,512,32,2,2,32,4,27740
2,8,32,2,256,128,2,0,2048,128,512,32,4,32,4,0,27744
2,8,32,2,256,256,2,32,2048,32,512,0,4,2,4,0,28000
2,8,32,0,256,256,2,2,2048,32,512,2,4,2,4,32,28000
0,2,8,32,2,0,512,4,2048,32,512,2,4,2,4,32,28516
2,0,0,32,2,2,8,4,2048,32,1024,2,4,2,4,32,29540
2,32,2,0,4,8,4,0,2048,32,1024,2,4,2,4,32,29544
2,32,2,2,4,8,4,32,2048,32,1024,2,4,2,4,0,29544
2,32,2,2,4,8,4,32,2048,32,1024,2,4,2,4,0,29544
2,2,32,4,4,8,4,32,2048,32,1024,2,0,4,2,4,29548
4,32,4,0,4,8,4,32,2048,32,1024,2,4,2,4,2,29552
2,32,0,0,8,8,8,0,2048,32,1024,32,4,2,4,4,29572
2,32,0,0,8,8,8,0,2048,32,1024,32,4,2,4,4,29572
2,32,0,0,8,8,8,0,2048,32,1024,32,4,2,4,4,29572
2,32,0,0,16,8,2,0,2048,32,1024,32,4,2,8,0,29596
0,0,2,32,4,16,8,2,2048,32,1024,32,0,4,2,8,29596
0,2,2,32,0,16,8,2,4,32,1024,32,2048,4,2,8,29596
0,2,2,32,0,16,8,2,4,32,1024,32,2048,4,2,8,29596
0,2,2,32,0,16,8,2,4,32,1024,32,2048,4,2,8,29596
4,2,2,32,2048,16,8,2,2,32,1024,32,0,4,2,8,29596
2,4,4,32,2048,16,8,2,2,32,1024,32,0,4,2,8,29600
0,2,8,32,2048,16,8,2,2,32,1024,32,2,4,2,8,29608
0,2,0,32,2,16,16,2,2048,32,1024,32,4,4,2,8,29628
2,32,0,0,2,32,2,2,2048,32,1024,32,8,2,8,0,29668
0,0,0,0,4,32,2,4,2048,64,1024,2,8,2,8,32,29736
4,32,2,4,2048,64,1024,2,8,2,8,32,0,2,0,0,29736
4,32,2,4,2048,64,1024,2,8,2,8,32,2,2,0,0,29736
4,32,2,4,2048,64,1024,2,8,2,8,32,0,2,0,4,29740
2,0,0,4,4,32,2,2,2048,64,1024,32,8,4,8,4,29744
2,0,2,4,0,4,32,4,2048,64,1024,32,8,4,8,4,29748
2,4,2,8,2048,64,32,32,8,4,1024,4,2,0,8,0,29756
2,4,2,8,0,2048,64,64,8,4,1024,4,2,0,2,8,29820
2,4,2,8,0,0,2048,128,8,4,1024,4,0,2,4,8,29952
0,0,2,8,2,0,2048,128,2,8,1024,4,8,2,4,8,29960
0,0,2,8,4,2,2048,128,2,8,1024,4,8,2,4,8,29960
4,2,2,8,2,8,2048,128,8,2,1024,4,0,2,4,8,29960
2,4,4,8,2,8,2048,128,8,2,1024,4,0,2,4,8,29964
0,2,8,8,2,8,2048,128,8,2,1024,4,4,2,4,8,29972
0,2,8,8,2,2,2048,128,8,8,1024,4,4,4,4,8,29976
0,2,2,16,0,4,2048,128,0,16,1024,4,0,4,8,8,30020
0,2,2,16,0,4,2048,128,0,16,1024,4,0,4,8,8,30020
0,4,4,16,0,4,2048,128,0,16,1024,4,0,0,4,16,30040
0,2,8,16,0,4,2048,128,0,16,1024,4,0,0,4,16,30048
0,0,8,16,2,2,2048,128,0,4,1024,4,0,16,4,16,30048
0,0,8,16,0,4,2048,128,0,4,1024,4,2,16,4,16,30052
2,8,8,16,0,16,2048,128,0,0,1024,4,2,0,4,16,30060
2,16,16,0,16,2048,128,0,1024,4,0,2,2,4,16,0,30076
2,0,0,0,16,16,16,2,1024,2048,128,0,2,8,16,2,30084
2,0,0,0,32,16,2,0,1024,2048,128,2,2,8,16,2,30116
2,0,0,0,32,16,2,0,1024,2048,128,2,2,8,16,2,30116
2,16,2,4,32,2048,128,0,1024,8,16,2,2,0,0,0,30120
2,16,2,4,0,32,2048,128,1024,8,16,2,0,0,2,2,30120
2,16,2,4,0,32,2048,128,1024,8,16,2,0,0,2,4,30124
2,16,2,4,32,2048,128,0,1024,8,16,2,2,4,2,0,30124
2,16,2,4,2,32,2048,128,1024,8,16,2,0,2,4,2,30124
0,16,2,2,0,32,2048,4,4,8,16,128,1024,2,4,4,30132
0,16,2,2,0,32,2048,4,4,8,16,128,1024,2,4,4,30132
4,16,2,2,1024,32,2048,4,2,8,16,128,0,2,4,4,30132
2,16,2,2,4,32,2048,4,1024,8,16,128,2,2,4,4,30132
2,16,4,0,4,32,2048,4,1024,8,16,128,4,8,2,0,30148
2,0,4,0,4,16,2048,2,1024,32,16,4,4,16,2,128,30164
2,16,4,2,4,32,2048,4,1024,16,16,128,4,0,2,2,30164
2,16,4,2,4,32,2048,4,1024,16,16,128,4,0,2,2,30164
2,16,4,2,4,32,2048,4,1024,32,128,0,4,4,2,0,30200
2,2,4,0,4,16,2048,0,1024,64,128,2,4,4,2,4,30264
2,2,4,2,4,16,2048,4,1024,64,128,0,4,4,2,2,30264
0,4,4,2,4,16,2048,4,0,1024,64,128,0,2,8,4,30280
4,4,4,2,2,16,2048,4,0,1024,64,128,0,2,8,4,30280
8,4,2,2,2,16,2048,4,1024,64,128,0,2,8,4,0,30288
8,4,4,2,2,16,2048,4,1024,64,128,0,2,8,4,0,30292
8,8,2,0,2,16,2048,4,1024,64,128,0,2,8,4,2,30300
16,2,2,0,2,16,2048,4,1024,64,128,0,2,8,4,2,30316
2,0,16,4,2,16,2048,4,0,1024,64,128,2,8,4,2,30320
4,16,16,8,2,1024,2048,128,2,8,64,2,0,0,4,0,30332
0,4,32,8,2,1024,2048,128,2,8,64,2,2,0,0,4,30364
4,32,8,0,2,1024,2048,128,2,8,64,2,2,4,2,0,30364
2,32,8,0,4,1024,2048,0,2,8,64,128,4,4,2,2,30368
2,2,32,8,0,4,1024,2048,2,8,64,128,0,0,8,4,30380
4,2,32,8,0,4,1024,2048,0,8,64,128,0,2,8,4,30384
4,2,32,8,0,4,1024,2048,0,8,64,128,0,2,8,4,30384
4,2,32,8,0,4,1024,2048,0,8,64,128,0,2,8,4,30384
4,2,32,8,0,4,1024,2048,0,8,64,128,0,2,8,4,30384
4,2,32,8,0,4,1024,2048,0,8,64,128,0,2,8,4,30384
4,2,32,8,4,1024,2048,0,8,64,128,0,2,8,4,2,30384
4,2,32,8,2,4,1024,2048,0,8,64,128,2,8,4,2,30384
2,0,32,8,0,2,1024,2048,4,4,64,128,4,16,4,2,30404
2,2,32,8,8,4,1024,2048,0,16,64,128,2,0,4,2,30412
0,4,32,8,8,4,1024,2048,2,16,64,128,0,2,4,2,30416
8,8,32,8,2,16,1024,2048,0,2,64,128,0,2,4,2,30424
16,32,8,2,2,16,1024,2048,2,64,128,0,2,4,2,0,30440
16,32,8,2,4,16,1024,2048,2,64,128,0,0,4,2,4,30444
0,32,8,2,16,16,1024,2,4,64,128,2048,2,4,2,4,30444
2,32,8,2,0,32,1024,2,4,64,128,2048,2,4,2,4,30476
0,0,8,2,2,64,1024,4,4,64,128,2048,2,4,2,4,30544
8,2,2,0,2,64,1024,4,4,64,128,2048,2,4,2,4,30544
8,2,2,4,2,128,1024,2048,4,4,128,4,2,2,2,0,30672
8,4,4,2,2,128,1024,2048,8,128,4,0,4,2,0,0,30688
8,4,4,2,2,256,1024,2048,8,2,4,0,4,0,0,2,30944
8,8,2,0,2,256,1024,2048,8,2,4,0,4,2,0,2,30952
16,2,0,0,2,256,1024,2048,8,2,4,0,4,4,0,2,30972
16,2,1024,2048,2,256,4,2,8,2,2,0,4,4,0,0,30972
16,2,1024,2048,2,256,4,2,8,4,0,0,8,0,0,2,30984
16,2,1024,2048,2,256,4,4,16,4,0,0,0,0,2,0,31004
16,2,1024,2048,2,256,4,4,16,4,2,0,0,0,0,2,31004
16,2,1024,2048,2,256,8,2,16,4,2,0,2,0,0,0,31012
16,2,1024,2048,2,256,8,2,0,16,4,2,2,0,0,2,31012
16,2,1024,2048,2,256,8,2,0,16,4,2,0,0,2,4,31016
16,2,1024,2048,2,256,8,4,0,16,4,4,2,0,2,0,31020
16,2,1024,2048,2,256,8,4,16,8,0,0,4,2,0,0,31032
16,2,1024,2048,2,256,8,4,2,0,16,8,0,0,4,2,31032
16,2,1024,2048,2,256,8,4,0,2,16,8,0,2,4,2,31032
16,2,1024,2048,2,256,8,4,2,16,8,2,2,4,2,0,31032
16,2,1024,2048,2,256,8,4,2,16,8,2,2,2,4,2,31032
16,2,1024,2048,4,256,16,4,2,16,4,4,2,2,0,0,31056
0,2,0,4,16,256,1024,0,4,16,16,2048,4,2,4,8,31068
0,2,0,0,2,256,1024,4,16,16,16,2048,8,2,4,8,31076
0,0,2,2,2,256,1024,4,0,16,32,2048,8,2,4,8,31108
2,256,2,2,8,16,1024,4,0,2,32,2048,2,0,4,8,31108
2,0,2,2,2,256,1024,4,8,16,32,2048,2,2,4,8,31108
2,0,2,2,4,256,1024,4,8,16,32,2048,2,2,4,8,31112
4,2,0,0,4,256,1024,4,8,16,32,2048,4,4,8,2,31120
2,0,4,2,4,256,1024,4,8,16,32,2048,0,8,8,2,31128
2,4,2,2,4,256,1024,4,8,16,32,2048,16,2,0,0,31144
2,4,0,2,4,256,2,2,8,16,1024,4,16,2,32,2048,31144
2,2,4,2,0,4,256,4,8,16,1024,4,16,2,32,2048,31148
2,2,4,2,8,4,256,8,16,16,1024,2048,0,2,32,2,31156
4,4,2,2,8,4,256,8,32,1024,2048,0,2,32,2,0,31192
4,8,2,2,8,1024,256,8,32,32,2048,4,2,0,2,0,31200
4,8,4,0,8,1024,256,8,64,2048,4,0,4,0,2,0,31272
4,0,4,2,8,8,256,0,64,1024,4,0,4,2048,2,8,31272
8,2,2,0,16,256,0,0,64,1024,4,0,4,2048,2,8,31296
8,4,0,0,16,256,0,0,64,1024,4,4,4,2048,2,8,31300
8,4,4,4,16,256,2,8,64,1024,0,0,4,2048,2,0,31300
8,4,0,2,16,256,0,0,64,1024,4,4,4,2048,4,8,31304
2,8,4,2,0,0,16,256,0,64,1024,8,4,2048,4,8,31312
2,8,4,2,0,0,16,256,0,64,1024,8,4,2048,4,8,31312
2,8,4,2,4,64,16,256,0,2048,1024,16,0,0,4,2,31328
2,8,4,2,4,64,16,256,2048,1024,16,0,4,2,0,2,31328
2,8,4,2,4,64,32,256,2048,1024,0,2,4,2,2,0,31360
2,8,4,2,4,64,32,256,2048,1024,2,0,4,4,0,2,31364
2,8,2,0,4,64,4,2,2048,1024,32,256,4,4,2,2,31364
0,2,8,2,4,64,4,2,2048,1024,32,256,4,0,8,4,31376
4,2,8,4,2048,64,4,256,4,1024,32,4,0,0,8,2,31380
4,2,8,4,2048,64,4,256,4,1024,32,4,8,2,0,2,31380
4,2,2,4,2048,64,8,256,4,1024,4,4,8,2,32,2,31380
4,4,4,2,2048,64,8,256,4,1024,8,0,8,2,32,2,31392
4,4,0,2,2048,64,4,2,4,1024,16,256,8,2,32,2,31408
4,4,4,4,2048,64,16,256,4,1024,32,2,8,2,2,0,31412
0,2,8,8,2048,64,16,256,4,1024,32,2,0,0,8,4,31432
2048,2,8,8,4,64,16,256,2,1024,32,2,0,0,8,4,31432
2048,2,16,0,4,64,16,256,2,1024,32,2,8,4,4,0,31448
2048,2,0,2,4,64,32,0,2,1024,32,256,8,4,4,2,31480
2048,2,0,0,4,64,2,2,2,1024,64,256,8,4,4,2,31544
2048,2,2,2,4,64,64,256,2,1024,4,2,8,4,2,0,31544
2048,2,2,2,4,64,64,256,2,1024,4,2,8,4,2,0,31544
2048,4,2,0,4,128,256,2,2,1024,4,2,8,4,2,0,31676
2048,4,2,0,4,128,256,2,2,1024,4,2,8,4,2,0,31676
2048,4,2,0,4,128,256,2,2,1024,4,2,8,4,2,0,31676
0,2048,4,2,4,128,256,2,2,1024,4,2,2,8,4,2,31676
2,2048,0,0,0,128,4,0,4,1024,256,4,4,8,8,4,31696
2,2048,2,0,128,4,0,0,4,1024,256,4,4,16,4,0,31712
0,2,2048,2,0,2,128,4,4,1024,256,4,0,4,16,4,31712
0,0,2048,0,2,4,128,2,0,1024,256,4,4,4,16,8,31724
2048,0,0,2,2,4,128,2,1024,256,4,0,8,16,8,0,31732
0,2,2048,2,2,4,128,2,0,1024,256,4,0,8,16,8,31732
2,2,2048,4,0,4,128,4,0,1024,256,8,0,8,16,4,31736
2,2,2048,8,0,4,128,8,2,1024,256,4,0,8,16,0,31744
0,2,2048,0,0,4,128,0,2,1024,256,16,4,8,16,4,31764
0,0,2,2048,2,0,4,128,2,1024,256,16,4,8,16,4,31764
0,0,2,2048,2,0,4,128,4,1024,256,16,4,8,16,4,31768
0,0,2,2048,0,2,4,128,2,1024,256,16,8,8,16,4,31776
2,0,2,2048,0,2,4,128,2,1024,256,16,0,16,16,4,31792
2,0,4,2048,0,2,4,128,2,1024,256,16,0,0,32,4,31828
2,2,4,2048,0,2,4,128,2,1024,256,16,0,0,32,4,31828
0,0,0,2048,0,2,8,128,0,4,256,16,4,1024,32,4,31844
2048,0,0,0,2,8,128,2,4,256,16,0,4,1024,32,4,31844
0,0,2,2048,2,8,128,2,0,4,256,16,4,1024,32,4,31844
2,2048,2,0,2,8,128,2,4,256,16,0,4,1024,32,4,31844
4,2,2048,2,2,8,128,2,0,4,256,16,4,1024,32,4,31844
4,2,2048,4,2,8,128,16,4,4,256,4,2,1024,32,0,31848
4,2,2048,4,2,8,128,16,4,8,256,4,0,2,1024,32,31856
0,2,2048,4,4,2,128,16,2,16,256,4,4,2,1024,32,31872
4,4,2048,4,2,16,128,16,4,2,256,4,0,2,1024,32,31876
4,4,2048,4,2,16,128,16,4,4,256,4,2,0,1024,32,31880
0,8,2048,4,2,16,128,16,2,8,256,4,0,2,1024,32,31896
4,8,2048,4,2,16,128,16,0,8,256,4,0,2,1024,32,31900
0,8,2048,4,2,16,128,16,4,8,256,4,2,2,1024,32,31900
2,8,2048,4,4,16,128,16,2,8,256,4,2,2,1024,32,31900
2,8,2048,4,2,16,128,16,4,8,256,4,4,2,1024,32,31904
2,8,2048,4,2,16,128,16,4,8,256,4,4,2,1024,32,31904
2,8,2048,4,2,16,128,16,4,8,256,4,4,2,1024,32,31904
4,8,2048,4,8,16,128,16,2,8,256,4,0,2,1024,32,31916
2,8,2048,4,4,16,128,16,8,8,256,4,2,2,1024,32,31916
2,8,2048,4,4,16,128,16,2,16,256,4,0,4,1024,32,31936
2,0,2048,4,2,8,128,16,4,32,256,4,2,4,1024,32,31968
2,2048,4,2,2,8,128,16,4,32,256,4,2,4,1024,32,31968
2,2048,4,2,2,8,128,16,4,32,256,4,2,4,1024,32,31968
2,2048,4,2,2,8,128,16,4,32,256,4,2,4,1024,32,31968
2,2048,4,2,2,8,128,16,4,32,256,4,2,4,1024,32,31968
2,2048,4,2,4,8,128,16,4,32,256,4,2,4,1024,32,31972
2,2048,4,2,8,8,128,16,2,32,256,4,2,4,1024,32,31980
2,2048,4,2,2,16,128,16,2,32,256,4,2,4,1024,32,31996
0,2048,4,2,2,16,128,16,4,32,256,4,4,4,1024,32,32004
2048,4,2,0,2,16,128,16,4,32,256,4,8,1024,32,2,32012
2048,4,2,0,2,16,128,16,4,32,256,4,8,1024,32,2,32012
2048,4,2,0,2,16,128,16,4,32,256,4,8,1024,32,2,32012
2,2048,4,2,2,16,128,16,4,32,256,4,8,1024,32,2,32012
2,2048,4,2,2,16,128,16,4,32,256,4,8,1024,32,2,32012
4,2048,4,2,4,16,128,16,8,32,256,4,2,1024,32,2,32016
8,2048,4,2,8,16,128,16,2,32,256,4,2,1024,32,2,32024
16,2048,4,2,4,16,128,16,0,32,256,4,2,1024,32,2,32044
2,2048,4,2,16,16,128,16,4,32,256,4,2,1024,32,2,32044
2,2048,4,2,2,32,128,16,4,32,256,4,2,1024,32,2,32076
2,2048,4,2,2,32,128,16,4,32,256,4,2,1024,32,2,32076
2,2048,4,2,2,32,128,16,4,32,256,4,2,1024,32,2,32076
2,2048,4,2,2,32,128,16,4,32,256,4,2,1024,32,2,32076
0,2,4,2,4,2048,128,16,4,64,256,4,2,1024,32,2,32144
2,4,2,2,4,2048,128,16,4,64,256,4,2,1024,32,2,32144
2,2,4,4,4,2048,128,16,4,64,256,4,2,1024,32,2,32148
2,0,4,8,4,2048,128,16,4,64,256,4,2,1024,32,2,32160
2,2,4,8,4,2048,128,16,4,64,256,4,2,1024,32,2,32160
2,4,4,8,4,2048,128,16,4,64,256,4,2,1024,32,2,32164
2,2,8,8,4,2048,128,16,4,64,256,4,2,1024,32,2,32172
2,0,4,16,4,2048,128,16,4,64,256,4,2,1024,32,2,32192
2,2048,4,32,8,64,128,4,2,1024,256,2,0,2,32,0,32232
2,2048,4,32,8,64,128,4,2,1024,256,2,0,2,2,32,32232
2,2048,4,32,8,64,128,4,2,1024,256,2,4,32,2,0,32236
2,2048,4,32,8,64,128,4,2,1024,256,2,2,4,32,2,32236
0,2048,4,2,2,64,128,32,8,1024,256,4,4,4,32,4,32244
2,2048,4,0,2,64,128,2,8,1024,256,32,4,4,32,8,32252
2,2048,4,2,2,64,128,2,8,1024,256,32,8,32,8,0,32260
2,2048,4,2,2,64,128,2,8,1024,256,32,8,32,8,0,32260
4,2048,4,4,16,64,128,32,2,1024,256,0,0,32,8,0,32284
2,4,2048,8,16,64,128,32,0,2,1024,256,0,0,32,8,32292
2,4,2048,8,16,64,128,32,0,2,1024,256,0,0,32,8,32292
2,4,2048,8,16,64,128,32,0,2,1024,256,0,0,32,8,32292
2,4,2048,8,16,64,128,32,0,2,1024,256,0,0,32,8,32292
2,4,2048,8,16,64,128,32,0,2,1024,256,0,0,32,8,32292
2,0,2048,8,0,4,128,32,2,64,1024,256,16,2,32,8,32292
0,2,2048,8,2,4,128,32,2,64,1024,256,16,2,32,8,32292
0,2,2048,8,2,4,128,32,2,64,1024,256,16,2,32,8,32292
2,2,2048,8,0,4,128,32,4,64,1024,256,16,2,32,8,32296
2,4,2048,8,0,4,128,32,4,64,1024,256,16,2,32,8,32300
2,0,2048,8,2,8,128,32,4,64,1024,256,16,2,32,8,32308
0,2,2048,8,4,8,128,32,4,64,1024,256,16,2,32,8,32312
2,2,2048,8,0,8,128,32,8,64,1024,256,16,2,32,8,32320
2,2,2048,8,8,8,128,32,16,64,1024,256,2,2,32,8,32320
0,4,2048,8,2,16,128,32,16,64,1024,256,0,4,32,8,32344
2,4,2048,8,16,16,128,32,0,64,1024,256,2,4,32,8,32344
2,4,2048,8,2,32,128,32,0,64,1024,256,2,4,32,8,32376
2,4,2048,8,0,32,128,32,2,64,1024,256,4,4,32,8,32380
4,4,2048,8,4,32,128,32,0,64,1024,256,2,4,32,8,32384
8,4,2048,8,2,32,128,32,2,64,1024,256,0,4,32,8,32392
8,4,2048,8,2,32,128,32,2,64,1024,256,4,32,8,2,32392
8,4,2048,8,4,32,128,32,4,64,1024,256,2,32,8,2,32396
8,4,2048,8,4,32,128,32,4,64,1024,256,2,32,8,2,32396
2,4,2048,8,8,32,128,32,8,64,1024,256,2,32,8,2,32404
2,4,2048,8,16,32,128,32,2,64,1024,256,2,32,8,2,32420
2,4,2048,8,2,32,128,32,16,64,1024,256,4,32,8,2,32424
4,4,2048,8,16,32,128,32,4,64,1024,256,2,32,8,2,32428
8,2048,8,2,16,32,128,32,4,64,1024,256,2,32,8,2,32436
