0,1,2,3,4,5,6,7,8,9,10,11,12,13,14,15,probas
0,0,0,4,0,0,0,0,0,2,0,0,0,0,0,0,1e-05
4,0,0,0,0,0,0,0,2,0,2,0,0,0,0,0,0.000924903934126258
0,0,0,0,0,0,2,0,4,0,0,0,2,0,2,0,0.001839807868252516
0,0,2,0,0,0,0,0,4,0,0,0,2,0,4,0,0.002754711802378774
0,0,0,2,0,0,0,0,0,0,2,4,0,0,2,4,0.003669615736505032
0,2,4,2,0,0,0,8,0,0,0,0,0,0,0,0,0.00458451967063129
0,2,4,2,0,0,0,8,0,0,0,0,0,0,0,0,0.005499423604757548
0,2,4,2,0,0,0,8,0,0,0,0,0,0,0,0,0.006414327538883806
0,0,0,0,0,2,0,0,0,0,0,2,0,2,4,8,0.007329231473010064
0,0,0,0,0,0,0,0,0,0,0,2,2,4,4,8,0.00824413540713632
2,4,4,2,2,0,0,8,0,0,0,0,0,0,0,0,0.00915903934126258
4,4,4,2,0,0,0,8,0,0,0,0,0,2,0,0,0.010073943275388839
8,4,2,0,8,0,0,0,0,2,0,0,2,0,0,0,0.010988847209515096
16,4,2,0,2,2,0,0,0,0,0,0,0,0,0,2,0.011903751143641353
0,16,4,2,2,0,0,4,0,0,0,0,0,0,0,2,0.012818655077767612
16,4,2,0,2,4,2,0,0,0,0,0,2,0,0,0,0.01373355901189387
0,16,4,2,0,2,4,2,0,0,0,2,0,0,0,2,0.014648462946020128
0,0,0,0,0,0,0,0,0,16,2,4,0,2,8,4,0.015563366880146385
0,0,0,0,0,0,0,0,0,16,2,4,0,2,8,4,0.016478270814272642
0,0,0,0,0,0,0,0,0,16,2,0,2,2,8,8,0.017393174748398903
0,0,0,0,0,0,0,0,0,16,2,0,2,2,8,8,0.01830807868252516
0,0,2,0,0,0,0,0,0,0,16,2,0,0,4,16,0.019222982616651417
0,0,2,2,0,0,16,16,0,2,4,0,0,0,0,0,0.020137886550777678
4,0,2,0,32,0,0,0,2,4,0,0,0,0,0,0,0.021052790484903935
4,4,2,0,32,0,0,0,2,2,0,0,0,0,0,0,0.021967694419030192
2,0,8,2,0,0,0,32,0,0,0,4,0,0,0,0,0.02288259835315645
2,8,2,0,32,0,0,0,4,2,0,0,0,0,0,0,0.023797502287282706
2,8,2,0,32,2,0,0,4,0,0,0,0,0,2,0,0.024712406221408967
2,8,2,0,32,2,0,0,4,0,0,0,2,0,0,2,0.025627310155535224
2,8,2,2,32,2,0,0,4,0,2,0,2,0,0,0,0.02654221408966148
2,0,0,0,32,0,2,0,4,8,0,0,2,2,4,2,0.02745711802378774
2,0,0,2,32,2,0,0,4,8,0,0,4,4,2,0,0.028372021957914
0,0,0,0,2,2,0,0,32,8,0,2,8,4,2,2,0.029286925892040256
0,0,0,0,2,0,0,4,0,32,8,2,0,8,4,4,0.030201829826166513
0,0,0,0,2,4,0,0,32,8,2,0,8,8,2,0,0.03111673376029277
2,4,4,0,32,16,0,0,8,0,0,0,0,0,0,2,0.03203163769441903
0,0,0,2,2,0,0,0,32,4,0,0,8,16,4,2,0.03294654162854529
0,0,2,0,2,0,0,0,32,4,0,0,8,16,4,4,0.03386144556267155
2,0,0,0,2,0,0,0,32,4,0,0,8,16,8,2,0.03477634949679781
0,0,0,2,0,0,0,2,2,0,32,4,8,16,8,2,0.035691253430924066
0,0,0,2,0,0,0,2,2,2,32,4,8,16,8,2,0.036606157365050324
0,0,0,0,0,2,0,4,2,2,32,4,8,16,8,2,0.03752106129917658
2,0,0,0,2,4,0,0,4,32,4,0,8,16,8,2,0.03843596523330284
4,4,4,2,4,32,8,0,8,16,0,0,0,0,2,0,0.039350869167429095
0,4,8,2,0,4,32,8,0,2,8,16,0,0,0,2,0.04026577310155536
0,8,8,2,0,2,32,8,0,2,8,16,0,0,0,2,0.041180677035681616
0,0,2,2,0,0,8,8,0,8,32,16,0,4,8,2,0.04209558096980787
0,0,2,2,0,0,8,8,0,8,32,16,0,4,8,2,0.04301048490393413
0,0,2,2,0,0,8,8,0,8,32,16,0,4,8,2,0.04392538883806039
0,0,0,4,0,0,0,16,2,8,32,16,0,4,8,2,0.044840292772186645
0,0,0,4,0,0,0,16,2,8,32,16,0,4,8,2,0.0457551967063129
4,2,0,0,16,0,0,0,2,8,32,16,4,8,2,0,0.04667010064043916
0,2,4,2,0,0,0,16,2,8,32,16,0,4,8,2,0.047585004574565416
0,0,0,0,2,2,4,2,0,8,32,32,2,4,8,2,0.04849990850869168
0,0,0,0,4,4,4,2,0,0,8,64,2,4,8,2,0.04941481244281794
2,0,0,0,8,4,2,0,8,64,0,0,2,4,8,2,0.050329716376944195
2,4,2,2,16,64,8,2,2,4,0,0,0,0,0,0,0.05124462031107045
0,2,4,4,16,64,8,2,0,0,2,4,2,0,0,0,0.05215952424519671
16,2,4,4,2,64,8,2,0,2,2,4,0,0,0,0,0.053074428179322966
16,2,4,4,2,64,8,2,0,2,2,4,0,0,0,0,0.05398933211344922
0,2,0,0,0,2,4,4,16,64,8,2,2,2,2,4,0.05490423604757549
2,0,0,0,0,4,4,4,16,64,8,2,2,2,2,4,0.055819139981701744
2,0,0,0,2,4,4,4,16,64,8,2,2,2,2,4,0.056734043915828
4,4,4,4,16,64,8,2,2,2,2,4,2,0,0,0,0.05764894784995426
0,0,8,8,16,64,8,2,0,2,4,4,2,0,0,2,0.058563851784080516
16,64,16,8,2,2,4,2,2,0,0,4,0,0,0,2,0.05947875571820677
16,64,16,8,0,4,4,2,0,0,2,4,0,2,0,2,0.06039365965233303
16,64,16,8,0,4,4,2,2,2,2,4,0,0,0,2,0.06130856358645929
0,2,0,8,0,64,16,2,16,4,4,4,2,2,2,2,0.062223467520585544
2,8,0,0,64,16,2,2,16,8,4,0,4,4,0,0,0.0631383714547118
2,8,2,2,64,16,4,2,16,8,0,0,4,4,0,0,0.06405327538883805
0,2,8,4,64,16,4,2,0,0,16,8,2,0,0,8,0.06496817932296431
64,2,8,4,2,16,4,2,2,0,16,16,0,0,0,0,0.06588308325709057
64,2,8,4,2,16,4,2,0,0,2,32,0,0,0,2,0.06679798719121684
64,2,8,4,2,16,4,2,0,0,2,32,0,0,0,2,0.0677128911253431
64,2,8,4,2,16,4,2,0,0,2,32,0,0,0,2,0.06862779505946935
64,2,8,4,2,16,4,2,0,0,2,32,0,0,0,2,0.06954269899359561
64,2,8,4,2,16,4,2,2,32,2,0,2,0,0,0,0.07045760292772187
0,0,0,0,64,2,8,2,2,16,4,4,4,32,2,2,0.07137250686184812
0,0,0,2,64,2,8,2,0,2,16,8,0,4,32,4,0.07228741079597438
0,0,2,0,0,0,8,4,0,4,16,8,64,4,32,4,0.07320231473010064
64,8,2,4,0,2,8,8,0,0,16,4,0,0,32,0,0.0741172186642269
64,8,2,4,0,2,2,16,0,0,16,4,0,0,0,32,0.07503212259835315
64,8,2,4,0,0,4,16,0,0,16,4,0,2,0,32,0.07594702653247941
64,8,2,4,0,0,4,16,0,0,16,4,4,0,2,32,0.07686193046660567
0,0,2,4,0,4,4,16,64,0,16,4,4,8,2,32,0.07777683440073192
64,4,2,4,4,8,4,16,0,0,16,4,0,2,2,32,0.07869173833485818
0,2,2,4,0,4,4,16,64,8,16,4,4,2,2,32,0.07960664226898444
0,2,2,4,0,4,4,16,64,8,16,4,4,2,2,32,0.08052154620311071
4,4,0,0,8,16,0,2,64,8,16,4,4,4,32,0,0.08143645013723697
8,2,0,0,8,16,2,0,64,8,16,4,8,32,0,0,0.08235135407136322
2,0,8,2,0,8,16,2,64,8,16,4,0,0,8,32,0.08326625800548948
0,2,8,2,2,8,16,2,64,8,16,4,0,0,8,32,0.08418116193961574
0,2,0,0,0,0,8,4,2,2,32,4,64,16,8,32,0.085096065873742
2,4,8,8,64,16,32,32,0,2,8,0,0,0,0,0,0.08601096980786825
2,4,8,8,64,16,32,32,0,2,8,0,0,0,0,0,0.08692587374199451
0,2,4,16,0,64,16,64,4,0,2,8,0,0,0,0,0.08784077767612077
2,4,16,0,64,16,64,0,4,2,8,0,0,0,0,2,0.08875568161024702
2,4,16,2,64,16,64,0,4,2,8,0,0,0,2,0,0.08967058554437328
2,4,16,2,64,16,64,0,4,2,8,0,0,0,2,0,0.09058548947849954
2,4,16,2,0,64,16,64,0,4,2,8,2,0,0,2,0.0915003934126258
4,4,32,2,0,64,2,64,2,4,0,8,0,0,0,2,0.09241529734675205
8,32,2,0,64,2,64,0,2,4,8,2,2,0,0,0,0.09333020128087831
2,8,32,2,0,64,2,64,2,4,8,2,0,0,0,2,0.09424510521500457
4,8,32,2,0,64,2,64,0,4,8,4,0,2,0,0,0.09516000914913082
0,8,0,2,0,64,32,2,0,4,2,64,4,2,8,4,0.0960749130832571
0,0,8,2,2,64,32,2,0,4,2,64,4,2,8,4,0.09698981701738335
0,0,8,0,4,64,32,4,2,4,2,64,4,2,8,4,0.09790472095150961
4,64,8,4,2,4,32,64,4,2,2,4,0,0,8,4,0.09881962488563586
0,0,8,2,4,64,32,4,2,4,2,64,4,2,8,8,0.09973452881976212
4,0,8,2,4,64,32,4,2,4,2,64,0,4,2,16,0.10064943275388838
8,64,8,2,2,8,32,4,2,0,4,64,0,0,0,16,0.10156433668801464
8,64,8,2,2,8,32,4,2,4,64,0,16,0,0,4,0.1024792406221409
8,64,8,2,4,8,32,8,16,4,64,0,0,0,2,0,0.10339414455626715
8,64,8,2,4,8,32,8,16,4,64,0,0,0,2,0,0.10430904849039341
8,64,8,2,4,8,32,8,16,4,64,0,2,2,0,0,0.10522395242451967
8,64,8,2,4,8,32,8,2,16,4,64,0,0,0,4,0.10613885635864592
8,64,8,2,4,8,32,8,2,16,4,64,4,2,0,0,0.10705376029277218
8,64,0,2,4,8,8,2,2,16,32,8,4,2,4,64,0.10796866422689844
8,64,2,2,4,16,2,0,2,16,32,8,4,2,4,64,0.1088835681610247
8,64,4,2,4,32,32,8,2,2,4,64,4,0,0,2,0.10979847209515096
8,64,4,2,4,64,8,0,4,4,64,0,4,2,0,2,0.11071337602927722
8,64,4,2,4,64,8,0,8,64,2,0,4,4,0,0,0.11162827996340348
8,64,4,2,0,4,64,8,0,8,64,2,0,0,2,8,0.11254318389752974
8,64,4,2,0,4,128,8,0,8,2,2,0,0,2,8,0.113458087831656
8,64,4,2,2,4,128,8,0,8,4,2,0,0,0,8,0.11437299176578225
2,0,0,2,0,64,4,8,8,4,128,2,2,8,4,8,0.11528789569990851
2,64,4,2,8,4,128,8,2,8,4,2,0,0,2,8,0.11620279963403476
2,64,4,2,8,4,128,8,2,8,4,2,0,0,2,8,0.11711770356816102
2,64,4,2,8,4,128,8,2,8,4,2,0,0,2,8,0.11803260750228728
2,64,4,2,8,4,128,8,2,8,4,2,2,8,0,2,0.11894751143641354
2,64,4,2,8,4,128,8,2,8,4,2,2,2,8,2,0.1198624153705398
2,64,4,2,8,4,128,8,2,8,4,2,4,4,8,2,0.12077731930466605
2,64,4,2,8,4,128,8,2,8,4,4,4,4,8,2,0.12169222323879231
2,64,4,2,8,4,128,8,2,8,8,0,8,8,2,2,0.12260712717291856
2,64,4,2,8,4,128,8,2,16,8,2,8,2,2,0,0.12352203110704482
2,64,4,2,8,4,128,2,2,16,8,8,8,2,2,2,0.12443693504117108
2,64,4,2,8,4,128,2,2,16,16,0,8,4,2,4,0.12535183897529736
2,64,4,0,8,4,128,2,2,16,16,4,8,4,2,4,0.1262667429094236
2,64,4,2,8,4,128,0,2,16,16,2,8,4,2,8,0.12718164684354988
2,64,4,2,0,8,4,128,2,2,32,2,8,4,2,8,0.12809655077767612
2,64,4,2,2,8,4,128,0,4,32,2,8,4,2,8,0.1290114547118024
2,64,4,2,2,8,4,128,0,4,32,2,8,4,2,8,0.12992635864592864
0,0,2,2,0,64,8,128,4,8,32,2,8,8,2,8,0.1308412625800549
0,0,2,4,0,64,8,128,4,8,32,2,0,16,2,8,0.13175616651418115
4,64,2,4,2,8,8,128,0,16,32,2,0,0,2,8,0.13267107044830742
0,2,2,4,0,64,8,128,4,8,32,2,2,16,2,8,0.1335859743824337
4,4,2,0,64,8,128,0,4,8,32,2,2,16,2,8,0.13450087831655994
4,4,2,2,64,16,128,8,4,16,32,2,2,0,2,0,0.1354157822506862
8,4,2,0,64,16,128,8,4,16,32,2,4,0,0,0,0.13633068618481245
8,4,2,8,64,32,128,2,8,0,32,0,2,0,0,0,0.13724559011893872
8,4,2,8,64,32,128,2,8,32,2,0,2,0,0,0,0.13816049405306496
8,4,2,8,64,64,128,2,8,0,2,0,2,2,0,0,0.13907539798719123
8,4,2,8,128,128,2,0,8,2,0,0,4,0,0,2,0.13999030192131748
8,4,2,8,0,2,256,2,0,0,8,2,0,0,4,2,0.14090520585544375
8,4,2,8,0,2,256,2,0,0,8,2,0,0,4,2,0.14182010978957
8,4,2,8,2,256,2,2,8,2,0,0,4,2,0,0,0.14273501372369626
8,2,0,0,2,4,0,0,8,256,0,8,4,4,4,2,0.1436499176578225
8,2,0,0,2,4,0,0,8,256,0,8,4,4,4,2,0.14456482159194878
8,2,4,8,2,4,0,2,8,256,2,0,4,4,0,0,0.14547972552607502
8,2,4,8,2,4,2,0,8,256,2,4,8,0,0,0,0.1463946294602013
2,0,0,0,8,2,0,0,2,4,4,8,16,256,4,4,0.14730953339432756
2,2,8,8,8,4,0,4,2,256,0,0,16,0,0,2,0.1482244373284538
2,0,0,0,8,2,0,8,2,4,2,4,16,256,8,2,0.14913934126258008
2,2,2,8,8,4,8,4,2,256,2,2,16,0,0,0,0.15005424519670632
0,2,4,8,8,4,8,4,0,2,256,4,2,0,0,16,0.1509691491308326
8,2,4,8,2,4,8,8,0,2,256,16,0,0,0,2,0.15188405306495883
0,0,0,2,0,2,4,16,8,4,8,16,2,2,256,2,0.1527989569990851
0,0,0,2,4,2,4,16,8,4,8,16,0,4,256,2,0.15371386093321135
0,0,0,0,2,0,4,2,4,2,8,32,8,8,256,2,0.15462876486733762
2,0,0,0,0,2,4,2,4,2,8,32,0,16,256,2,0.15554366880146386
2,0,0,0,2,4,2,0,4,2,8,32,16,256,2,2,0.15645857273559013
0,0,0,2,4,4,2,0,4,2,8,32,16,256,2,2,0.15737347666971638
8,4,2,2,16,2,8,32,0,256,2,2,0,2,0,0,0.15828838060384265
8,4,4,0,16,2,8,32,256,4,0,0,2,0,0,2,0.1592032845379689
8,8,0,2,16,2,8,32,256,4,0,0,4,0,0,0,0.16011818847209516
8,0,0,2,16,8,0,0,256,2,0,2,4,4,8,32,0.16103309240622143
8,8,8,4,16,2,0,32,256,4,0,0,4,0,2,0,0.16194799634034768
8,0,0,2,16,8,0,0,256,2,8,4,4,4,2,32,0.16286290027447395
8,0,0,0,16,8,2,2,256,2,8,4,4,4,2,32,0.1637778042086002
0,0,0,8,4,16,8,4,256,2,8,4,0,8,2,32,0.16469270814272646
4,16,16,8,256,2,2,8,0,8,2,32,0,0,0,0,0.1656076120768527
4,16,16,16,256,2,4,32,0,8,0,0,2,0,0,0,0.16652251601097898
0,4,16,32,256,2,4,32,0,2,0,8,0,0,0,2,0.16743741994510522
0,4,16,32,256,2,4,32,0,0,2,8,2,0,0,2,0.1683523238792315
256,4,16,64,2,2,4,8,2,0,2,2,0,0,0,0,0.16926722781335773
256,4,16,64,0,4,4,8,0,0,2,4,0,0,2,0,0.170182131747484
0,0,0,0,0,2,16,64,0,0,4,8,256,8,4,4,0.17109703568161025
0,0,0,0,0,0,0,64,2,2,16,8,256,8,8,4,0.17201193961573652
0,0,0,0,64,0,0,2,4,16,8,0,256,16,4,0,0.17292684354986276
64,32,8,2,4,0,4,0,256,0,2,0,0,0,0,0,0.17384174748398903
64,32,8,2,8,0,2,0,256,2,0,0,0,0,0,0,0.17475665141811528
64,32,8,2,8,2,2,0,256,0,0,2,0,0,0,0,0.17567155535224155
64,32,8,4,8,2,2,2,256,0,0,0,0,0,0,0,0.17658645928636782
64,32,8,4,8,4,2,2,256,0,0,0,0,0,0,0,0.17750136322049406
64,32,8,4,0,8,4,4,2,0,0,256,0,0,0,0,0.17841626715462033
64,32,8,4,2,0,8,8,0,0,2,256,0,0,0,0,0.17933117108874658
64,32,16,4,2,0,2,8,0,0,0,256,0,2,0,0,0.18024607502287285
64,32,16,4,0,0,4,8,0,0,0,256,2,0,0,2,0.1811609789569991
2,0,0,4,0,0,0,8,64,0,16,256,2,32,4,2,0.18207588289112536
2,0,0,4,2,0,0,8,64,0,16,256,2,32,4,2,0.1829907868252516
2,0,2,4,0,0,2,8,0,64,16,256,2,32,4,2,0.18390569075937788
0,0,4,4,0,4,2,8,0,64,16,256,2,32,4,2,0.18482059469350412
0,0,0,8,0,4,2,8,2,64,16,256,2,32,4,2,0.1857354986276304
0,0,0,8,0,4,2,8,2,64,16,256,2,32,4,2,0.18665040256175663
0,0,0,8,0,4,2,8,2,64,16,256,2,32,4,2,0.1875653064958829
4,4,2,16,0,64,16,256,0,32,4,2,2,0,0,0,0.18848021043000915
4,4,2,16,2,64,16,256,2,32,4,2,0,0,0,0,0.18939511436413542
4,4,2,16,4,64,16,256,2,32,4,2,0,0,0,0,0.19031001829826166
8,2,16,0,4,64,16,256,2,32,4,2,0,2,0,0,0.19122492223238793
8,2,16,2,4,64,16,256,2,32,4,2,2,0,0,0,0.1921398261665142
8,2,16,2,4,64,16,256,2,32,4,2,0,0,2,2,0.19305473010064045
8,2,16,2,4,64,16,256,2,32,4,2,0,0,4,4,0.19396963403476672
8,2,16,2,4,64,16,256,2,32,4,2,8,2,0,0,0.19488453796889296
8,2,2,0,4,64,0,2,2,32,32,256,8,2,4,2,0.19579944190301923
0,0,8,4,0,4,64,2,2,2,64,256,8,2,4,2,0.19671434583714548
2,0,0,4,0,0,8,2,2,4,128,256,8,4,4,2,0.19762924977127175
2,4,2,0,8,2,0,0,2,4,128,256,8,8,2,0,0.198544153705398
2,4,0,0,8,2,2,0,2,4,128,2,8,8,2,256,0.19945905763952426
2,4,2,2,8,2,128,256,2,4,2,0,8,8,0,2,0.2003739615736505
2,4,2,0,8,2,2,2,2,4,128,256,8,8,2,2,0.20128886550777678
0,2,4,2,0,8,2,4,2,4,128,256,2,0,16,4,0.20220376944190302
0,0,4,2,2,2,2,4,0,8,128,256,4,4,16,4,0.2031186733760293
2,0,4,2,0,2,2,4,2,8,128,256,4,4,16,4,0.20403357731015553
0,2,4,2,2,0,4,4,2,8,128,256,0,8,16,4,0.2049484812442818
4,2,8,2,0,16,128,4,0,0,16,256,2,0,0,4,0.20586338517840808
4,2,8,2,2,16,128,4,2,0,16,256,0,0,0,4,0.20677828911253432
0,2,0,2,0,0,8,4,4,2,128,256,4,16,16,4,0.2076931930466606
4,0,0,0,8,4,2,0,4,2,128,256,4,32,4,0,0.20860809698078683
2,0,0,0,4,4,2,0,8,2,128,0,8,32,4,256,0.2095230009149131
0,0,0,4,2,4,2,0,4,2,128,0,16,32,4,256,0.21043790484903935
0,2,0,4,0,2,4,2,0,4,2,128,16,32,4,256,0.21135280878316562
0,0,0,4,2,4,4,2,0,4,2,128,16,32,4,256,0.21226771271729186
0,0,0,4,2,2,8,2,0,4,2,128,16,32,4,256,0.21318261665141813
2,0,0,4,0,4,8,2,0,4,2,128,16,32,4,256,0.21409752058554438
2,8,8,4,16,32,2,2,0,0,4,128,0,0,2,256,0.21501242451967065
2,0,8,4,0,0,2,2,2,8,4,128,16,32,2,256,0.2159273284537969
0,2,8,4,0,4,0,4,2,8,4,128,16,32,2,256,0.21684223238792316
2,8,4,2,8,0,0,0,2,8,4,128,16,32,2,256,0.2177571363220494
2,0,0,0,8,2,0,2,2,16,8,128,16,32,2,256,0.21867204025617568
0,0,0,2,2,0,8,4,2,16,8,128,16,32,2,256,0.21958694419030195
4,0,0,2,0,2,8,4,2,16,8,128,16,32,2,256,0.2205018481244282
0,0,2,2,4,2,0,4,2,16,16,128,16,32,2,256,0.22141675205855446
4,0,0,0,4,2,4,0,2,32,128,2,16,32,2,256,0.2223316559926807
4,0,0,0,4,2,4,0,2,32,128,2,16,32,2,256,0.22324655992680698
4,0,0,0,4,2,4,0,2,32,128,2,16,32,2,256,0.22416146386093322
0,2,0,0,8,0,4,0,2,2,128,2,16,64,2,256,0.2250763677950595
2,0,0,0,8,4,0,2,4,128,2,0,16,64,2,256,0.22599127172918573
0,0,0,2,0,8,4,2,2,4,128,2,16,64,2,256,0.226906175663312
2,0,0,0,8,4,2,2,2,4,128,2,16,64,2,256,0.22782107959743825
2,0,2,0,8,0,2,0,2,8,128,4,16,64,2,256,0.22873598353156452
0,0,2,4,0,0,8,2,2,8,128,4,16,64,2,256,0.22965088746569076
0,0,2,4,0,0,8,2,2,8,128,4,16,64,2,256,0.23056579139981703
2,8,2,4,16,64,8,2,0,0,128,4,0,4,2,256,0.23148069533394328
2,8,2,4,16,64,8,2,0,0,128,4,0,4,2,256,0.23239559926806955
2,8,2,4,16,64,8,2,0,0,128,4,0,4,2,256,0.2333105032021958
2,8,2,4,16,64,8,2,2,4,128,4,0,0,2,256,0.23422540713632206
2,8,2,4,16,64,8,2,2,4,128,4,0,0,2,256,0.23514031107044833
2,8,2,4,16,64,8,2,2,4,128,4,0,0,2,256,0.23605521500457458
2,0,2,4,2,8,8,2,16,64,128,4,2,4,2,256,0.23697011893870085
0,4,4,4,0,2,16,2,16,64,128,4,2,4,2,256,0.2378850228728271
8,4,0,2,2,16,2,0,16,64,128,4,2,4,2,256,0.23879992680695336
8,4,2,2,2,16,128,4,16,64,2,256,2,4,2,0,0.2397148307410796
8,4,2,2,2,16,128,4,16,64,4,256,2,4,0,2,0.24062973467520588
8,4,4,0,2,16,128,4,16,64,4,256,2,4,2,2,0.24154463860933212
8,4,4,0,2,16,128,4,16,64,4,256,2,4,2,2,0.2424595425434584
8,8,2,0,2,16,128,4,16,64,4,256,2,4,4,0,0.24337444647758463
0,2,16,2,2,16,128,4,16,64,4,256,0,0,2,8,0.2442893504117109
0,2,16,2,2,16,128,4,16,64,4,256,0,0,2,8,0.24520425434583715
0,2,16,2,0,2,128,4,2,16,4,256,16,64,2,8,0.24611915827996342
0,2,16,2,0,2,128,4,2,16,4,256,16,64,2,8,0.24703406221408966
2,4,16,2,16,16,128,4,0,64,4,256,0,2,2,8,0.24794896614821593
4,4,16,2,0,16,128,4,2,64,4,256,16,2,2,8,0.24886387008234218
4,4,16,2,2,16,128,4,16,64,4,256,2,2,2,8,0.24977877401646845
4,4,16,2,2,16,128,4,16,64,4,256,2,2,2,8,0.2506936779505947
0,8,16,2,2,16,128,4,16,64,4,256,2,2,4,8,0.25160858188472096
8,16,2,2,2,16,128,4,16,64,4,256,4,4,8,0,0.2525234858188472
8,2,2,0,2,32,128,2,16,64,4,4,4,4,8,256,0.2534383897529735
0,0,8,4,2,32,128,2,2,16,64,8,0,8,8,256,0.25435329368709975
8,4,2,0,2,32,128,2,2,16,64,8,16,256,0,0,0.255268197621226
0,8,4,2,2,32,128,2,2,16,64,8,2,0,16,256,0.25618310155535223
8,4,2,2,2,32,128,2,2,16,64,8,2,16,256,0,0.25709800548947853
0,0,2,2,8,4,128,0,2,32,64,4,4,32,256,8,0.2580129094236048
8,4,2,2,2,64,128,4,4,0,64,8,0,2,256,0,0.258927813357731
8,4,4,0,2,64,128,4,4,64,8,2,2,256,0,0,0.25984271729185726
8,4,4,4,2,128,128,2,4,256,8,0,2,0,2,0,0.26075762122598356
8,8,4,0,2,256,2,4,4,256,8,0,4,0,0,0,0.2616725251601098
8,8,4,4,2,512,2,0,8,2,8,0,0,0,0,0,0.26258742909423605
0,0,0,2,8,8,4,0,2,512,2,0,8,2,8,4,0.2635023330283623
0,0,0,2,2,0,16,4,0,2,512,2,8,2,8,4,0.2644172369624886
2,0,0,0,2,16,4,0,2,512,2,2,8,2,8,4,0.26533214089661483
2,0,0,4,2,16,4,0,2,512,4,0,8,2,8,4,0.2662470448307411
4,16,8,8,2,512,8,0,8,2,0,2,0,0,0,0,0.2671619487648674
0,0,0,0,4,16,0,0,2,512,2,8,8,2,16,2,0.2680768526989936
4,16,2,8,2,512,16,2,8,2,2,0,0,0,0,0,0.26899175663311986
4,16,2,8,2,512,16,2,8,4,0,0,0,0,0,2,0.2699066605672461
4,16,2,8,2,512,16,2,0,0,8,4,0,0,2,2,0.2708215645013724
0,0,2,8,2,0,16,2,4,16,8,4,2,512,2,2,0.27173646843549865
2,8,0,4,2,16,2,0,4,16,8,4,2,512,4,0,0.2726513723696249
2,8,4,2,2,16,2,0,4,16,8,4,2,512,4,0,0.27356627630375113
0,2,4,0,4,8,2,0,4,32,8,2,2,512,4,4,0.27448118023787743
2,4,2,0,4,8,2,0,4,32,8,2,2,512,8,0,0.2753960841720037
2,4,4,2,8,8,16,0,2,32,0,0,2,512,0,0,0.2763109881061299
2,8,2,2,16,16,0,0,2,32,0,0,2,512,0,0,0.27722589204025616
2,8,2,2,16,16,0,2,4,32,0,0,0,512,0,0,0.27814079597438246
2,8,2,4,16,16,0,2,4,32,0,0,0,512,0,0,0.2790556999085087
2,8,2,4,32,2,0,0,4,32,0,0,512,0,0,2,0.27997060384263495
2,8,2,4,0,0,32,2,0,2,4,32,0,0,512,2,0.28088550777676125
0,2,2,4,0,0,32,2,0,8,4,32,2,2,512,2,0.2818004117108875
4,4,0,0,32,2,0,0,8,4,32,2,4,512,2,0,0.28271531564501373
4,4,32,2,32,2,2,2,8,4,0,0,4,512,0,0,0.28363021957914
8,32,2,0,32,4,2,2,8,4,0,0,4,512,0,0,0.2845451235132663
8,32,2,0,32,4,4,0,8,4,0,2,4,512,0,0,0.2854600274473925
0,8,32,2,0,0,32,8,2,8,4,2,0,0,4,512,0.28637493138151876
2,16,64,2,0,0,8,8,0,0,0,2,2,0,0,512,0.287289835315645
0,4,0,2,0,0,0,8,0,0,64,2,4,16,8,512,0.2882047392497713
4,4,64,2,2,16,8,8,0,0,0,2,0,0,0,512,0.28911964318389755
0,0,0,2,0,2,0,8,4,4,64,2,2,16,8,512,0.2900345471180238
0,2,0,2,0,0,2,8,0,8,64,2,2,16,8,512,0.29094945105215003
0,0,0,4,0,0,2,8,4,8,64,2,2,16,8,512,0.29186435498627633
4,0,0,0,2,8,0,2,4,8,64,2,2,16,8,512,0.2927792589204026
4,2,0,0,2,8,2,0,4,8,64,2,2,16,8,512,0.2936941628545288
0,2,4,2,0,2,8,2,4,8,64,2,2,16,8,512,0.2946090667886551
0,2,4,2,0,2,8,2,4,8,64,2,2,16,8,512,0.29552397072278136
4,4,4,4,2,8,8,2,2,16,64,512,0,0,8,0,0.2964388746569076
8,8,0,2,2,16,2,0,2,16,64,512,8,0,0,0,0.29735377859103385
0,0,4,0,8,0,0,0,4,8,2,2,8,32,64,512,0.29826868252516014
2,0,0,0,8,0,4,0,4,8,2,2,8,32,64,512,0.2991835864592864
2,0,0,0,8,4,0,0,4,8,4,2,8,32,64,512,0.30009849039341263
2,0,0,0,8,4,0,0,4,8,4,2,8,32,64,512,0.3010133943275389
2,4,4,2,8,8,64,512,4,32,0,0,8,0,0,2,0.3019282982616652
2,2,8,2,0,16,64,512,0,0,4,32,0,0,8,2,0.3028432021957914
0,0,8,2,0,0,64,512,2,2,4,32,2,16,8,2,0.30375810612991766
0,2,8,2,0,0,64,512,0,4,4,32,2,16,8,2,0.3046730100640439
2,2,8,2,0,0,64,512,0,0,8,32,2,16,8,2,0.3055879139981702
0,4,8,2,0,0,64,512,2,0,8,32,2,16,8,2,0.30650281793229645
0,4,8,2,0,0,64,512,2,2,8,32,2,16,8,2,0.3074177218664227
4,4,8,2,0,2,64,512,2,16,16,32,0,0,0,2,0.308332625800549
8,8,2,0,2,64,512,0,2,32,32,0,2,2,0,0,0.30924752973467523
16,2,0,0,2,64,512,0,2,64,4,0,4,0,0,0,0.3101624336688015
16,2,0,0,2,64,512,0,2,64,4,0,4,0,0,0,0.3110773376029277
0,0,16,2,0,2,64,512,0,2,64,4,0,2,0,4,0.311992241537054
16,2,0,0,2,64,512,0,2,64,4,0,2,4,0,2,0.31290714547118026
0,2,0,0,16,2,0,0,2,128,512,0,4,4,4,2,0.3138220494053065
2,0,0,0,16,2,2,0,2,128,512,0,8,4,2,0,0.31473695333943275
2,0,0,0,16,2,2,0,2,128,512,0,8,4,2,0,0.31565185727355904
2,2,2,0,16,128,512,2,2,4,2,0,8,0,0,0,0.3165667612076853
2,0,2,4,16,128,512,2,0,2,4,2,0,0,0,8,0.31748166514181153
2,128,2,4,16,2,512,4,2,0,4,8,0,0,0,0,0.3183965690759378
2,128,2,4,16,2,512,4,0,2,4,8,2,0,0,0,0.3193114730100641
2,128,2,4,16,2,512,4,2,4,8,0,2,0,2,0,0.3202263769441903
2,128,2,8,16,2,512,0,4,4,8,0,0,4,2,0,0.32114128087831656
2,128,2,8,16,2,512,0,4,8,8,0,0,0,2,2,0.32205618481244286
2,128,2,8,0,16,2,512,0,2,4,16,0,0,0,4,0.3229710887465691
2,128,4,8,0,16,4,512,0,2,2,16,0,0,0,4,0.32388599268069534
2,128,4,8,16,4,512,0,4,16,0,0,4,0,0,2,0.3248008966148216
0,0,0,2,2,128,0,0,16,4,4,8,8,16,512,2,0.3257158005489479
0,0,2,2,0,0,2,128,0,16,8,8,8,16,512,2,0.32663070448307413
0,0,0,4,0,2,2,128,0,0,16,16,8,16,512,2,0.3275456084172004
0,0,2,4,0,0,4,128,0,0,0,32,8,16,512,2,0.3284605123513266
0,0,2,4,0,0,2,128,0,0,4,32,8,16,512,2,0.3293754162854529
0,0,0,4,0,0,4,128,0,2,4,32,8,16,512,2,0.33029032021957916
0,0,0,4,0,0,4,128,0,2,4,32,8,16,512,2,0.3312052241537054
4,2,0,0,4,128,0,0,2,4,32,0,8,16,512,2,0.33212012808783165
4,2,0,0,4,128,0,0,2,4,32,0,8,16,512,2,0.33303503202195794
0,2,0,0,8,128,0,0,2,4,32,2,8,16,512,2,0.3339499359560842
0,0,0,2,0,2,8,128,2,4,32,2,8,16,512,2,0.33486483989021043
2,2,8,2,8,4,32,128,0,16,512,4,0,2,0,0,0.3357797438243367
2,2,8,2,8,4,32,128,0,16,512,4,0,2,0,0,0.336694647758463
2,2,8,2,8,4,32,128,0,16,512,4,0,2,0,0,0.3376095516925892
2,2,8,2,8,4,32,128,0,16,512,4,0,2,0,0,0.33852445562671546
0,4,8,2,8,4,32,128,0,16,512,4,2,0,0,2,0.33943935956084176
0,0,0,2,0,2,8,128,8,8,32,4,2,16,512,2,0.340354263494968
0,2,0,2,0,2,8,128,0,16,32,4,2,16,512,2,0.34126916742909424
0,0,0,4,2,2,8,128,0,16,32,4,2,16,512,2,0.3421840713632205
4,0,0,2,4,8,128,0,16,32,4,0,2,16,512,2,0.3430989752973468
0,0,4,2,0,4,8,128,2,16,32,4,2,16,512,2,0.34401387923147303
4,4,4,2,0,32,8,128,0,2,32,4,0,0,512,2,0.3449287831655993
8,4,2,0,32,8,128,0,2,32,4,0,512,2,0,2,0.3458436870997255
8,4,2,2,32,8,128,0,2,32,4,0,512,2,2,0,0.3467585910338518
8,4,2,2,32,8,128,0,2,32,4,0,512,2,2,0,0.34767349496797806
8,4,2,2,32,8,128,0,2,32,4,0,512,2,2,0,0.3485883989021043
8,4,4,0,32,8,128,2,2,32,4,0,512,4,0,0,0.34950330283623054
8,8,0,0,32,8,128,2,2,32,4,0,512,4,0,2,0.35041820677035684
8,16,128,4,32,32,4,0,2,4,0,0,512,0,2,0,0.3513331107044831
8,16,128,4,64,4,0,2,2,4,0,0,512,2,0,0,0.35224801463860933
8,16,128,4,64,4,2,0,2,4,0,0,512,2,2,0,0.35316291857273563
8,16,128,4,2,64,4,2,0,0,2,4,0,0,512,4,0.3540778225068619
8,16,128,4,2,64,4,2,0,0,2,8,2,0,512,0,0.3549927264409881
8,16,128,4,2,64,4,2,2,8,0,0,2,512,2,0,0.35590763037511436
8,16,128,4,4,64,4,2,2,8,2,0,2,512,0,0,0.35682253430924066
8,16,128,4,4,64,4,2,2,8,2,0,2,512,0,0,0.3577374382433669
8,16,128,4,4,64,4,2,2,8,2,0,2,512,0,0,0.35865234217749314
0,16,0,0,8,64,128,2,4,8,4,4,4,512,2,2,0.3595672461116194
2,16,0,0,0,64,128,2,8,8,4,4,8,512,2,2,0.3604821500457457
2,16,0,2,64,128,2,0,16,8,0,0,8,512,4,0,0.36139705397987193
2,16,2,2,64,128,4,0,16,8,0,2,8,512,0,0,0.3623119579139982
2,2,16,4,0,64,128,4,0,16,8,2,0,0,8,512,0.3632268618481244
2,2,16,8,0,64,128,2,2,16,16,512,0,0,0,0,0.3641417657822507
2,4,16,8,0,64,128,2,0,2,32,512,0,0,0,0,0.36505666971637696
0,0,0,2,0,4,16,8,0,64,128,2,2,2,32,512,0.3659715736505032
0,0,0,2,2,4,16,8,0,64,128,2,0,4,32,512,0.3668864775846295
2,0,0,2,2,4,16,8,64,128,2,0,4,32,512,0,0.36780138151875574
4,2,0,0,2,4,16,8,64,128,2,0,4,32,512,0,0.368716285452882
0,0,4,2,2,4,16,8,0,64,128,2,2,4,32,512,0.36963118938700823
4,4,4,2,0,64,16,8,0,4,128,2,0,4,32,512,0.37054609332113453
4,4,8,2,0,64,16,8,0,4,128,2,0,4,32,512,0.37146099725526077
8,8,2,2,64,16,8,0,4,128,2,0,4,32,512,0,0.372375901189387
0,8,2,2,8,16,8,0,64,128,2,0,8,32,512,2,0.37329080512351326
0,0,8,4,2,8,16,8,0,64,128,2,8,32,512,2,0.37420570905763956
8,4,2,0,2,8,16,8,64,128,2,0,8,32,512,2,0.3751206129917658
0,8,4,2,2,8,16,8,2,64,128,2,8,32,512,2,0.37603551692589204
0,0,4,2,0,16,16,2,4,64,128,8,8,32,512,4,0.3769504208600183
4,16,4,4,8,64,16,8,2,32,128,4,0,0,512,0,0.3778653247941446
4,16,8,0,8,64,16,8,2,32,128,4,512,0,4,0,0.37878022872827083
4,16,8,8,8,64,16,4,2,32,128,2,512,0,4,0,0.3796951326623971
4,16,16,0,8,64,16,4,2,32,128,2,512,4,0,2,0.3806100365965233
4,16,2,0,8,64,0,0,2,32,32,4,512,4,128,4,0.3815249405306496
4,16,2,0,8,64,0,2,2,64,4,0,512,4,128,4,0.38243984446477586
0,4,16,2,0,8,64,2,2,2,64,4,512,4,128,4,0.3833547483989021
2,4,16,4,512,8,128,8,0,2,128,0,2,4,0,0,0.3842696523330284
0,4,0,2,2,8,0,0,512,2,16,4,2,4,256,8,0.38518455626715464
0,4,2,0,2,8,0,2,512,2,16,4,2,4,256,8,0.3860994602012809
0,0,4,2,4,2,8,2,512,2,16,4,2,4,256,8,0.38701436413540713
2,0,4,0,4,0,8,4,512,4,16,4,2,4,256,8,0.38792926806953343
2,8,4,8,4,0,8,8,512,0,16,0,2,2,256,0,0.38884417200365967
2,0,4,0,4,2,8,0,512,8,16,0,2,2,256,16,0.3897590759377859
2,4,0,0,4,2,8,2,512,8,16,0,4,256,16,0,0.39067397987191216
2,4,2,0,4,2,0,0,512,8,8,0,4,256,32,2,0.39158888380603846
0,2,4,2,0,0,4,2,0,2,512,16,4,256,32,2,0.3925037877401647
2,0,0,0,0,0,8,4,0,4,512,16,4,256,32,2,0.39341869167429094
2,0,2,0,8,4,0,0,4,512,16,0,4,256,32,2,0.3943335956084172
0,0,0,0,2,4,2,2,8,512,16,0,8,256,32,2,0.3952484995425435
0,0,0,0,2,2,4,4,0,8,512,16,8,256,32,2,0.39616340347666973
2,2,4,4,8,8,512,16,0,256,32,2,0,0,2,0,0.39707830741079597
4,8,0,0,16,512,16,0,256,32,2,2,2,0,0,0,0.39799321134492227
4,8,16,2,16,512,2,0,256,32,2,0,2,0,0,0,0.3989081152790485
4,8,16,2,0,16,512,2,0,256,32,2,0,0,2,2,0.39982301921317476
4,8,16,2,0,16,512,2,2,256,32,2,0,0,0,4,0.400737923147301
0,0,2,0,0,8,16,2,4,16,512,4,2,256,32,4,0.4016528270814273
2,2,0,0,8,16,2,0,4,16,512,4,2,256,32,4,0.40256773101555354
2,2,2,8,8,32,512,0,4,256,32,2,2,0,0,0,0.4034826349496798
0,2,4,8,0,8,32,512,4,256,32,2,2,0,0,2,0.40439753888380603
0,0,0,0,0,2,2,8,4,8,4,512,2,256,64,4,0.40531244281793233
0,0,0,0,0,2,2,8,4,8,4,512,2,256,64,4,0.40622734675205857
0,0,0,0,0,2,2,8,4,8,4,512,2,256,64,4,0.4071422506861848
0,2,0,0,0,0,4,8,4,8,4,512,2,256,64,4,0.40805715462031106
2,0,4,0,4,8,0,0,4,8,4,512,2,256,64,4,0.40897205855443736
0,2,2,4,0,0,4,8,4,8,4,512,2,256,64,4,0.4098869624885636
4,4,2,0,4,8,0,0,4,8,4,512,2,256,64,4,0.41080186642268984
2,0,8,2,0,0,4,8,4,8,4,512,2,256,64,4,0.41171677035681614
2,0,0,2,2,0,8,8,4,8,8,512,2,256,64,4,0.4126316742909424
0,0,2,4,0,0,2,16,0,4,16,512,2,256,64,4,0.41354657822506863
2,4,0,0,2,16,0,0,4,16,512,2,2,256,64,4,0.41446148215919487
0,0,0,2,4,4,0,0,4,32,512,2,2,256,64,4,0.41537638609332117
0,0,0,2,2,0,0,8,4,32,512,2,2,256,64,4,0.4162912900274474
2,0,0,0,2,8,2,0,4,32,512,2,2,256,64,4,0.41720619396157366
0,4,0,2,0,2,8,2,4,32,512,2,2,256,64,4,0.4181210978956999
0,0,4,2,2,2,8,2,4,32,512,2,2,256,64,4,0.4190360018298262
2,0,4,2,0,4,8,2,4,32,512,2,2,256,64,4,0.41995090576395244
0,0,4,2,2,4,8,2,4,32,512,4,2,256,64,4,0.4208658096980787
2,4,4,4,4,32,8,8,2,256,512,2,0,0,64,0,0.42178071363220493
0,2,4,8,2,4,32,16,2,256,512,2,0,0,0,64,0.4226956175663312
0,2,4,8,2,4,32,16,2,256,512,2,0,0,0,64,0.42361052150045747
0,0,0,8,0,2,4,16,4,4,32,2,4,256,512,64,0.4245254254345837
0,0,0,8,0,2,4,16,2,8,32,2,4,256,512,64,0.42544032936871
8,2,0,0,2,4,16,0,2,8,32,2,4,256,512,64,0.42635523330283626
2,0,8,2,0,2,4,16,2,8,32,2,4,256,512,64,0.4272701372369625
2,8,2,2,2,4,16,0,2,8,32,2,4,256,512,64,0.42818504117108874
0,8,2,0,2,4,16,2,4,8,32,4,4,256,512,64,0.42909994510521504
2,0,8,2,2,4,16,2,4,8,32,4,4,256,512,64,0.4300148490393413
4,4,8,4,8,8,16,4,0,256,32,64,2,0,512,0,0.43092975297346753
8,8,4,0,16,16,4,0,256,32,64,0,2,512,2,0,0.43184465690759377
0,0,16,4,0,2,32,4,0,256,32,64,0,2,512,2,0.43275956084172007
0,0,0,0,0,2,16,8,2,256,64,64,0,2,512,2,0.4336744647758463
0,0,0,2,0,2,16,8,0,2,256,128,0,2,512,2,0.43458936870997256
0,0,0,2,0,2,16,8,0,2,256,128,0,2,512,2,0.4355042726440988
0,0,0,2,0,2,16,8,0,2,256,128,0,2,512,2,0.4364191765782251
0,0,0,2,0,2,16,8,0,2,256,128,0,2,512,2,0.43733408051235134
2,0,2,0,2,16,8,0,2,256,128,0,2,512,2,0,0.4382489844464776
4,16,2,2,4,256,8,0,0,512,128,0,0,0,2,0,0.4391638883806039
8,16,2,2,0,256,8,0,0,512,128,0,2,0,2,0,0.4400787923147301
8,16,4,0,256,8,0,0,512,128,2,0,4,0,0,0,0.44099369624885637
8,16,4,0,256,8,0,0,512,128,2,0,4,0,0,0,0.4419086001829826
8,0,0,0,256,16,2,0,512,8,4,0,4,128,2,0,0.4428235041171089
0,2,0,8,0,256,16,2,0,512,8,4,0,4,128,2,0.44373840805123516
0,2,2,8,0,256,16,2,0,512,8,4,0,4,128,2,0.4446533119853614
4,8,0,0,256,16,2,2,512,8,4,0,4,128,2,0,0.44556821591948764
4,8,0,0,256,16,2,2,512,8,4,0,4,128,2,2,0.44648311985361394
2,0,4,8,0,256,16,4,0,512,8,4,0,4,128,4,0.4473980237877402
2,2,4,8,0,256,16,4,0,512,8,4,0,4,128,4,0.4483129277218664
0,4,4,8,0,256,16,4,0,512,8,4,2,4,128,4,0.44922783165599267
2,4,4,8,2,256,16,8,0,512,8,4,0,4,128,0,0.45014273559011897
4,4,4,16,2,256,16,4,0,512,8,0,0,4,128,0,0.4510576395242452
8,4,16,0,2,256,16,4,512,8,0,2,4,128,0,0,0.45197254345837146
0,8,4,16,2,256,16,4,2,512,8,2,0,0,4,128,0.4528874473924977
0,8,4,16,2,256,16,4,2,512,8,2,0,0,4,128,0.453802351326624
8,4,16,0,2,256,16,4,2,512,8,2,4,128,0,2,0.45471725526075024
8,4,32,4,4,256,8,4,4,512,0,0,0,128,2,0,0.4556321591948765
0,4,0,0,0,256,32,2,8,512,8,0,8,128,2,8,0.4565470631290028
16,4,32,2,0,256,8,8,0,512,2,0,0,128,2,0,0.457461967063129
16,4,32,2,0,256,8,8,0,512,4,0,0,128,2,0,0.45837687099725527
16,4,32,2,256,16,0,0,512,4,0,2,128,2,0,0,0.4592917749313815
16,4,0,0,256,16,2,0,512,4,0,0,128,2,32,4,0.4602066788655078
16,4,2,0,256,16,0,0,512,4,2,0,128,2,32,4,0.46112158279963406
16,4,4,4,256,16,32,0,512,4,2,0,128,2,0,0,0.4620364867337603
16,4,4,4,256,16,32,0,512,4,2,0,128,2,0,0,0.46295139066788654
16,4,4,4,256,16,32,0,512,4,2,0,128,2,0,0,0.46386629460201284
16,4,4,4,256,16,32,0,512,4,2,0,128,2,0,0,0.4647811985361391
16,4,4,4,256,16,32,0,512,4,2,0,128,2,0,0,0.4656961024702653
16,4,2,0,256,16,4,0,512,4,32,0,128,2,2,4,0.46661100640439157
16,4,2,0,256,16,4,0,512,4,32,2,128,4,4,0,0.46752591033851787
16,4,2,0,256,16,4,0,512,4,32,2,128,8,0,2,0.4684408142726441
16,4,2,0,256,16,4,2,512,4,32,2,128,8,2,0,0.46935571820677036
0,16,4,2,256,16,4,2,512,4,32,2,2,128,8,2,0.47027062214089665
256,32,8,4,512,4,32,4,2,128,8,0,0,0,0,2,0.4711855260750229
0,2,0,0,256,32,8,0,512,4,32,8,2,128,8,2,0.47210043000914914
256,2,8,8,512,32,32,2,2,4,8,0,0,128,0,2,0.4730153339432754
2,2,0,0,256,32,8,0,512,4,32,8,2,128,8,4,0.4739302378774017
2,2,8,8,256,32,32,4,512,4,8,0,2,128,2,0,0.4748451418115279
2,2,8,8,256,32,32,4,512,4,8,0,2,128,2,0,0.47576004574565417
2,2,8,0,256,32,32,2,512,4,8,8,2,128,2,4,0.4766749496797804
4,8,0,0,256,64,2,2,512,4,16,0,2,128,2,4,0.4775898536139067
4,8,0,2,256,64,4,0,512,4,16,0,2,128,2,4,0.47850475754803296
4,8,0,2,256,64,4,0,512,4,16,2,2,128,2,4,0.4794196614821592
4,8,2,2,256,64,4,0,512,4,16,2,2,128,2,4,0.48033456541628544
4,8,4,2,256,64,4,0,512,4,16,2,2,128,2,4,0.48124946935041174
4,8,8,4,256,64,16,4,512,4,2,0,2,128,4,0,0.482164373284538
0,4,16,4,256,64,16,4,0,512,4,2,4,2,128,4,0.4830792772186642
0,4,16,4,256,64,16,4,0,512,4,2,4,2,128,4,0.4839941811527905
0,4,4,0,0,64,32,8,256,512,4,2,4,2,128,4,0.48490908508691677
0,2,0,8,0,64,32,8,256,512,4,2,4,2,128,4,0.485823989021043
2,8,0,0,64,32,8,2,256,512,4,2,4,2,128,4,0.48673889295516926
2,8,8,4,64,32,4,4,256,512,128,0,4,2,2,0,0.48765379688929555
2,16,4,0,64,32,8,0,256,512,128,0,4,4,0,2,0.4885687008234218
2,16,4,2,64,32,8,0,256,512,128,0,8,2,0,0,0.48948360475754804
2,16,2,0,64,32,4,0,256,512,8,0,8,2,128,2,0.4903985086916743
2,16,2,2,64,32,4,2,256,512,8,0,8,2,128,0,0.4913134126258006
0,2,16,4,64,32,4,2,0,256,512,8,2,8,2,128,0.4922283165599268
0,2,16,4,64,32,4,2,0,256,512,8,2,8,2,128,0.49314322049405307
2,16,4,2,64,32,4,2,256,512,8,0,2,8,2,128,0.4940581244281793
2,16,8,4,64,32,8,128,256,512,2,0,2,8,0,2,0.4949730283623056
2,16,8,4,64,32,8,128,256,512,2,0,2,8,2,2,0.49588793229643185
2,16,8,4,64,32,8,128,256,512,2,0,2,8,4,2,0.4968028362305581
2,16,16,4,64,32,2,128,256,512,4,2,2,8,2,0,0.49771774016468434
2,32,4,0,64,32,2,128,256,512,4,2,2,8,2,2,0.49863264409881064
2,64,4,128,64,512,2,4,256,8,4,2,2,0,2,0,0.4995475480329369
2,0,4,2,64,64,2,128,256,512,4,4,2,8,2,2,0.5004624519670631
0,2,4,2,0,128,2,128,0,256,512,8,2,2,8,4,0.5013773559011894
0,2,4,2,0,128,2,128,0,256,512,8,2,2,8,4,0.5022922598353156
0,2,4,2,0,128,2,128,0,256,512,8,2,2,8,4,0.5032071637694419
0,2,4,2,0,128,2,128,0,256,512,8,2,2,8,4,0.5041220677035682
2,2,4,2,0,128,2,128,0,256,512,8,0,4,8,4,0.5050369716376943
2,2,4,2,0,128,2,128,0,256,512,8,0,4,8,4,0.5059518755718206
2,2,4,2,0,128,2,128,0,256,512,8,0,4,8,4,0.5068667795059469
4,4,2,0,128,2,128,0,256,512,8,2,4,8,4,0,0.5077816834400731
0,0,8,2,2,128,2,128,256,512,8,2,0,4,8,4,0.5086965873741994
0,2,0,2,0,128,8,128,2,512,2,2,256,4,16,4,0.5096114913083256
2,2,8,2,256,128,2,128,0,512,16,2,0,4,2,4,0.5105263952424519
4,8,2,0,256,128,2,128,512,16,2,0,4,2,4,2,0.5114412991765782
4,8,2,0,256,128,2,128,512,16,2,0,4,2,4,2,0.5123562031107044
4,8,2,0,256,128,2,0,512,16,4,128,4,2,4,2,0.5132711070448307
0,4,8,2,2,256,128,2,512,16,4,128,4,2,4,2,0.514186010978957
2,4,8,4,512,256,128,128,4,16,8,2,0,2,2,0,0.5151009149130832
2,4,8,4,512,256,256,0,4,16,8,2,4,2,0,0,0.5160158188472095
2,4,8,4,0,2,512,512,4,16,8,2,0,0,4,2,0.5169307227813358
2,4,8,4,2,1024,0,0,4,16,8,2,4,2,0,2,0.517845626715462
2,4,8,4,2,1024,0,0,4,16,8,2,4,4,2,0,0.5187605306495883
4,4,16,4,8,1024,2,2,0,16,0,0,2,4,0,0,0.5196754345837145
4,4,16,4,8,1024,2,2,2,16,0,0,2,4,0,0,0.5205903385178408
4,4,16,4,8,1024,2,2,4,16,0,0,0,4,0,2,0.521505242451967
0,4,0,2,4,1024,0,0,8,16,16,4,4,4,2,4,0.5224201463860932
4,4,16,2,8,1024,2,8,4,16,0,0,0,4,0,2,0.5233350503202195
0,4,0,2,4,1024,0,2,8,16,16,8,4,4,2,2,0.5242499542543458
4,2,0,0,4,1024,2,2,8,32,8,0,8,4,0,0,0.525164858188472
0,2,0,2,0,1024,0,0,8,32,2,0,16,4,8,2,0.5260797621225983
0,2,0,0,0,1024,0,2,8,32,2,0,16,4,8,4,0.5269946660567245
8,2,2,2,16,1024,8,4,0,32,0,0,0,4,0,2,0.5279095699908508
0,2,2,0,0,1024,0,2,8,32,2,4,16,4,8,2,0.5288244739249771
0,2,2,0,0,1024,0,2,8,32,4,4,16,4,8,2,0.5297393778591033
0,0,0,4,0,2,1024,2,0,8,32,8,16,4,8,2,0.5306542817932296
4,0,2,0,2,1024,2,0,8,32,8,0,16,4,8,2,0.5315691857273559
4,0,0,2,2,1024,0,0,8,32,4,0,16,4,16,2,0.5324840896614821
4,1024,4,4,2,32,16,0,8,4,0,2,16,0,0,0,0.5333989935956084
4,1024,8,0,2,32,16,0,8,4,2,0,16,2,0,0,0.5343138975297347
4,1024,8,0,2,32,16,0,8,4,2,0,16,2,0,0,0.5352288014638609
4,1024,8,0,2,32,16,0,8,4,2,0,16,2,0,0,0.5361437053979872
4,1024,0,0,2,32,8,0,8,4,16,0,16,2,2,2,0.5370586093321134
4,1024,0,0,2,32,8,0,8,4,16,0,16,2,2,2,0.5379735132662397
4,1024,0,0,2,32,8,0,8,4,16,0,16,2,2,2,0.538888417200366
4,1024,0,0,2,32,8,0,8,4,16,0,16,2,2,2,0.5398033211344921
4,1024,0,0,2,32,8,0,8,4,16,0,16,4,2,2,0.5407182250686184
4,1024,0,0,2,32,8,0,8,4,16,2,16,4,4,0,0.5416331290027447
4,1024,8,2,2,32,16,2,8,8,4,0,16,0,0,0,0.5425480329368709
4,1024,8,2,2,32,16,2,0,0,16,4,0,2,0,16,0.5434629368709972
4,1024,8,4,2,32,32,4,0,2,0,16,0,2,0,0,0.5443778408051235
4,1024,8,8,2,32,32,16,0,4,0,0,0,2,0,0,0.5452927447392497
0,4,1024,16,0,2,64,16,0,2,0,4,0,0,0,2,0.546207648673376
2,4,1024,16,0,2,64,16,0,0,2,4,0,0,0,2,0.5471225526075022
2,4,1024,16,0,2,64,16,0,0,2,4,0,0,0,2,0.5480374565416285
2,4,1024,16,0,2,64,16,0,0,2,4,0,0,0,2,0.5489523604757548
2,4,1024,16,2,64,16,0,2,4,0,2,2,0,0,0,0.549867264409881
4,4,1024,16,4,64,16,2,0,4,0,0,2,0,0,0,0.5507821683440073
0,8,1024,16,4,64,16,2,0,0,0,4,0,2,0,2,0.5516970722781336
0,8,1024,16,4,64,16,2,0,0,2,4,0,0,0,4,0.5526119762122598
4,8,1024,16,0,64,16,2,2,0,2,8,0,0,0,0,0.5535268801463861
0,0,2,0,0,0,1024,16,4,8,16,2,2,64,2,8,0.5544417840805123
0,2,0,2,0,0,1024,16,4,8,16,2,2,64,2,8,0.5553566880146386
4,2,1024,2,2,8,16,16,0,64,2,2,0,2,0,8,0.5562715919487649
4,2,1024,2,2,8,16,16,0,64,2,2,0,2,0,8,0.557186495882891
4,2,1024,2,2,8,32,0,64,4,0,0,2,8,2,0,0.5581013998170173
4,2,1024,2,2,8,32,2,64,4,2,0,2,8,0,0,0.5590163037511436
4,2,1024,4,2,8,32,0,64,4,2,0,2,8,2,0,0.5599312076852698
4,2,1024,4,2,2,8,32,0,64,4,2,0,2,8,2,0.5608461116193961
0,0,1024,0,2,4,8,4,4,64,4,32,2,2,8,4,0.5617610155535224
0,2,0,1024,2,4,8,4,4,64,4,32,0,4,8,4,0.5626759194876486
2,2,8,1024,4,4,4,4,2,64,8,32,0,4,0,4,0.5635908234217749
2,2,0,1024,2,4,8,4,4,64,4,32,2,4,8,4,0.5645057273559011
4,2,8,1024,4,4,4,4,2,64,8,32,0,4,2,4,0.5654206312900274
4,2,8,1024,8,8,0,2,2,64,8,32,4,2,4,0,0.5663355352241537
4,2,0,2,8,8,0,1024,2,64,16,2,4,2,4,32,0.5672504391582799
2,0,4,4,0,0,16,1024,2,64,16,2,4,2,4,32,0.5681653430924062
2,0,0,4,0,0,4,1024,4,64,32,2,4,2,4,32,0.5690802470265325
2,64,4,4,8,2,32,1024,2,0,4,2,0,0,0,32,0.5699951509606587
0,2,64,8,8,2,32,1024,0,2,4,2,0,2,0,32,0.570910054894785
0,0,0,8,0,0,64,1024,2,4,32,2,8,4,4,32,0.5718249588289113
8,0,0,0,64,1024,0,4,2,4,32,2,8,8,32,0,0.5727398627630375
8,1024,64,4,64,4,2,2,2,8,0,0,8,0,0,0,0.5736547666971638
8,0,0,0,64,1024,2,0,2,4,64,4,8,8,2,2,0.5745696706312899
0,0,2,8,0,64,1024,2,2,4,64,4,0,0,16,4,0.5754845745654162
0,0,2,8,0,64,1024,2,2,4,64,4,0,0,16,4,0.5763994784995425
0,0,2,0,2,0,1024,8,0,64,64,2,2,4,16,8,0.5773143824336687
0,0,2,0,2,0,1024,8,0,64,64,2,4,4,16,8,0.578229286367795
0,0,2,0,2,0,1024,8,2,64,64,2,4,4,16,8,0.5791441903019213
2,0,0,0,2,1024,8,0,2,128,2,2,8,16,8,0,0.5800590942360475
0,0,0,0,2,1024,8,0,4,128,2,2,8,16,8,2,0.5809739981701738
0,0,0,2,0,2,1024,8,0,4,128,4,8,16,8,2,0.5818889021043
0,0,0,2,0,2,1024,8,0,4,128,4,8,16,8,2,0.5828038060384263
0,0,0,2,0,2,1024,8,0,4,128,4,8,16,8,2,0.5837187099725526
2,0,0,0,2,1024,8,2,4,128,4,0,8,16,8,2,0.5846336139066788
2,0,0,0,2,1024,8,2,4,128,4,0,8,16,8,2,0.5855485178408051
0,0,4,0,4,1024,8,0,4,128,4,0,8,16,8,4,0.5864634217749314
0,0,4,4,0,4,1024,8,0,4,128,4,8,16,8,4,0.5873783257090576
8,8,4,4,4,16,1024,8,0,0,128,8,0,0,8,0,0.5882932296431839
2,0,4,0,0,0,1024,0,8,8,128,4,4,16,8,16,0.5892081335773102
0,0,4,0,2,2,1024,0,8,8,128,4,4,16,8,16,0.5901230375114364
2,2,4,4,8,8,1024,16,4,16,128,0,2,0,8,0,0.5910379414455627
0,0,4,8,0,16,1024,16,2,4,16,128,0,0,2,8,0.5919528453796888
0,0,4,8,0,16,1024,16,2,4,16,128,0,0,2,8,0.5928677493138151
4,8,0,2,16,1024,16,0,2,4,16,128,2,8,0,0,0.5937826532479414
2,8,0,0,4,1024,0,0,16,4,0,2,4,8,32,128,0.5946975571820676
2,8,2,0,4,1024,0,0,16,4,2,0,4,8,32,128,0.5956124611161939
2,8,0,0,4,1024,0,0,16,4,4,2,4,8,32,128,0.5965273650503202
2,8,0,0,4,1024,0,2,16,8,2,0,4,8,32,128,0.5974422689844464
2,8,2,2,4,1024,32,128,16,16,0,0,4,0,2,0,0.5983571729185727
2,8,2,2,4,1024,32,128,16,16,2,0,4,2,0,0,0.5992720768526989
2,8,0,2,4,1024,2,0,16,16,32,2,4,2,2,128,0.6001869807868252
2,2,8,2,0,4,1024,2,0,32,32,2,0,4,4,128,0.6011018847209515
0,4,8,2,0,4,1024,2,0,2,64,2,0,0,8,128,0.6020167886550777
4,8,2,0,4,1024,2,0,2,64,2,0,8,128,0,2,0.602931692589204
8,8,4,2,2,1024,2,2,8,64,0,0,0,128,0,0,0.6038465965233303
8,8,4,4,2,1024,2,0,8,64,0,2,0,128,0,0,0.6047615004574565
16,8,0,4,2,1024,2,0,8,64,2,0,128,0,0,0,0.6056764043915828
16,8,4,4,2,1024,0,0,8,64,0,0,128,0,0,2,0.6065913083257091
16,8,4,4,2,1024,0,2,8,64,0,0,128,0,2,0,0.6075062122598353
0,16,8,8,0,2,1024,2,0,4,8,64,0,0,128,2,0.6084211161939616
0,0,8,8,0,16,1024,2,0,2,8,64,2,4,128,2,0.6093360201280877
16,0,2,0,16,1024,2,0,2,8,64,0,2,4,128,2,0.610250924062214
32,1024,4,2,4,8,64,0,0,4,128,0,0,0,0,2,0.6111658279963403
32,1024,4,4,4,8,64,0,0,4,128,4,0,0,0,0,0.6120807319304665
2,0,0,0,0,1024,4,0,32,8,64,0,4,4,128,8,0.6129956358645928
2,1024,4,8,32,8,64,0,4,4,128,0,2,0,0,0,0.6139105397987191
2,1024,4,8,2,32,8,64,0,0,8,128,0,0,0,2,0.6148254437328453
0,0,2,8,0,0,0,64,0,1024,4,128,4,32,16,2,0.6157403476669716
0,0,2,8,0,0,0,64,0,1024,4,128,4,32,16,2,0.6166552516010979
0,0,2,8,0,0,0,64,0,1024,4,128,4,32,16,2,0.6175701555352241
0,0,2,8,0,0,0,64,0,1024,4,128,4,32,16,2,0.6184850594693504
0,4,0,8,0,0,2,64,0,1024,4,128,4,32,16,2,0.6193999634034766
4,8,0,0,2,64,0,0,1024,4,128,2,4,32,16,2,0.6203148673376029
4,8,2,0,2,64,0,0,1024,4,128,0,4,32,16,4,0.6212297712717292
0,4,8,2,2,0,2,64,0,1024,4,128,4,32,16,4,0.6221446752058554
0,4,8,2,2,0,4,64,0,1024,4,128,4,32,16,4,0.6230595791399817
2,4,8,2,4,1024,8,64,0,32,16,128,2,0,0,4,0.623974483074108
4,0,0,2,2,4,0,64,4,1024,16,128,2,32,16,4,0.6248893870082342
4,2,0,0,2,4,64,2,4,1024,16,128,2,32,16,4,0.6258042909423605
4,2,0,2,2,4,0,2,4,1024,64,128,2,32,32,4,0.6267191948764866
0,0,4,4,0,2,4,2,4,1024,64,128,2,2,64,4,0.6276340988106129
0,0,2,8,0,2,4,2,4,1024,64,128,0,4,64,4,0.6285490027447392
4,2,2,8,0,1024,4,2,0,4,128,128,0,0,2,4,0.6294639066788654
0,4,4,8,0,1024,4,2,4,0,4,256,0,0,2,4,0.6303788106129917
0,0,8,8,0,1024,4,2,0,2,8,256,0,0,2,4,0.631293714547118
16,0,0,0,1024,4,2,0,2,8,256,4,2,4,0,0,0.6322086184812442
16,0,0,0,1024,4,2,0,2,8,256,4,2,4,0,0,0.6331235224153705
16,4,2,4,1024,8,256,0,4,4,2,0,0,0,0,0,0.6340384263494968
0,2,0,0,16,4,2,0,1024,8,256,0,4,4,2,4,0.634953330283623
16,2,2,4,1024,4,256,2,4,8,2,0,0,4,0,0,0.6358682342177493
0,16,4,4,1024,4,256,2,0,4,8,2,4,0,0,4,0.6367831381518755
16,8,0,0,1024,4,256,2,4,8,2,0,8,0,0,2,0.6376980420860018
16,0,0,0,1024,8,2,0,4,4,256,0,8,8,2,4,0.6386129460201281
16,0,0,0,1024,8,2,0,4,4,256,0,8,8,2,4,0.6395278499542543
16,0,0,0,1024,8,2,0,4,4,256,0,8,8,2,4,0.6404427538883806
0,0,2,16,0,1024,8,2,0,0,8,256,0,16,2,4,0.6413576578225069
0,1024,2,16,0,16,16,2,0,0,2,256,0,0,2,4,0.642272561756633
0,1024,2,16,0,0,32,2,0,0,2,256,0,2,2,4,0.6431874656907594
0,1024,2,16,2,0,32,2,0,0,2,256,0,0,4,4,0.6441023696248857
1024,2,16,0,2,32,2,0,2,256,0,0,8,0,2,0,0.6450172735590118
1024,2,16,0,4,32,4,0,8,256,0,0,0,4,0,0,0.6459321774931381
1024,2,16,0,4,32,4,0,8,256,0,0,0,4,0,0,0.6468470814272643
1024,2,16,0,4,32,4,0,8,256,0,2,4,0,0,0,0.6477619853613906
1024,2,16,4,4,32,4,0,8,256,2,0,4,0,0,0,0.6486768892955169
1024,2,16,4,0,4,32,4,2,8,256,2,0,0,0,4,0.6495917932296431
1024,2,16,8,2,4,32,2,0,8,256,4,2,0,0,0,0.6505066971637694
1024,2,16,8,2,4,32,2,8,256,4,0,2,0,2,0,0.6514216010978957
1024,0,16,2,2,2,32,0,8,4,4,8,2,256,2,2,0.6523365050320219
0,1024,16,2,0,0,4,32,2,8,8,8,0,2,256,4,0.6532514089661482
0,1024,16,2,0,0,4,32,0,2,8,16,2,2,256,4,0.6541663129002744
1024,16,2,0,4,32,0,0,2,8,16,0,4,256,4,2,0.6550812168344007
1024,16,2,0,4,32,0,0,2,8,16,0,4,256,4,2,0.655996120768527
1024,16,2,0,4,32,0,0,2,8,16,0,4,256,4,2,0.6569110247026532
1024,16,2,2,4,32,16,0,2,8,4,0,4,256,0,2,0.6578259286367795
0,1024,16,4,2,4,32,16,0,2,8,4,0,4,256,2,0.6587408325709058
1024,16,4,2,2,4,32,16,2,8,4,0,4,256,2,0,0.659655736505032
0,16,4,0,1024,4,32,4,4,8,4,2,4,256,2,16,0.6605706404391583
1024,16,4,4,8,4,32,2,0,8,4,16,0,256,2,2,0.6614855443732846
2,1024,16,8,8,4,32,2,0,8,4,16,0,0,256,4,0.6624004483074107
2,0,16,8,0,1024,32,2,2,4,4,16,8,8,256,4,0.663315352241537
2,0,16,8,0,1024,32,2,4,4,4,16,8,8,256,4,0.6642302561756632
2,1024,16,8,4,4,32,2,8,8,4,16,2,0,256,4,0.6651451601097895
2,2,16,8,4,1024,32,2,8,4,4,16,2,8,256,4,0.6660600640439158
4,16,8,0,4,1024,32,2,8,8,16,2,2,8,256,4,0.666974967978042
0,4,8,0,8,16,32,0,8,1024,16,4,2,16,256,4,0.6678898719121683
0,2,4,8,0,8,16,32,8,1024,16,4,2,16,256,4,0.6688047758462946
2,2,0,0,0,8,4,8,8,1024,32,32,2,16,256,8,0.6697196797804208
4,0,0,2,8,4,8,0,8,1024,64,0,2,16,256,8,0.6706345837145471
0,2,4,2,0,8,4,8,0,8,1024,64,2,16,256,8,0.6715494876486733
2,2,8,2,2,16,1024,8,0,16,256,64,0,0,0,8,0.6724643915827996
0,0,2,2,0,0,8,8,0,2,1024,64,4,32,256,8,0.6733792955169259
4,2,2,2,0,32,8,8,2,0,1024,64,0,0,256,8,0.6742941994510521
4,2,2,2,2,32,8,8,0,0,1024,64,2,0,256,8,0.6752091033851784
4,4,2,0,2,32,16,2,1024,64,0,0,2,256,8,0,0.6761240073193047
4,4,2,2,2,32,16,0,1024,64,8,0,2,256,2,0,0.6770389112534309
4,4,2,2,2,32,16,0,1024,64,8,0,2,256,2,0,0.6779538151875572
4,4,2,2,2,32,16,0,1024,64,8,0,2,256,2,0,0.6788687191216835
8,4,2,0,2,32,16,0,1024,64,8,0,2,256,2,0,0.6797836230558096
8,4,2,0,2,32,16,0,1024,64,8,0,2,256,2,0,0.6806985269899359
0,8,4,2,0,2,32,16,2,1024,64,8,0,2,256,2,0.6816134309240621
2,8,4,2,0,2,32,16,2,1024,64,8,0,2,256,2,0.6825283348581884
4,8,4,2,0,2,32,16,0,1024,64,8,2,2,256,2,0.6834432387923147
4,8,4,2,2,32,16,0,1024,64,8,0,4,256,2,2,0.6843581427264409
4,8,4,4,2,32,16,2,1024,64,8,0,4,256,2,0,0.6852730466605672
4,8,8,0,2,32,16,2,1024,64,8,0,4,256,2,2,0.6861879505946935
4,8,8,4,2,32,16,0,1024,64,8,0,4,256,2,4,0.6871028545288197
4,8,8,2,2,32,16,0,1024,64,8,0,4,256,2,8,0.688017758462946
4,8,8,2,2,32,16,0,1024,64,8,2,4,256,2,8,0.6889326623970723
4,8,8,2,2,32,16,0,1024,64,8,4,4,256,2,8,0.6898475663311985
4,8,8,2,2,32,16,2,1024,64,8,4,4,256,2,8,0.6907624702653248
2,4,16,2,2,32,16,2,1024,64,8,4,4,256,2,8,0.691677374199451
0,4,0,2,4,32,32,4,1024,64,8,4,4,256,2,8,0.6925922781335773
4,2,0,2,4,64,4,0,1024,64,8,4,4,256,2,8,0.6935071820677036
0,2,0,0,8,2,4,2,1024,128,8,4,4,256,2,8,0.6944220860018298
0,0,2,2,8,2,4,2,1024,128,8,4,4,256,2,8,0.695336989935956
8,2,2,4,1024,128,4,4,4,256,8,8,2,0,2,0,0.6962518938700824
2,8,4,4,0,1024,128,8,0,4,256,16,0,0,0,4,0.6971667978042085
2,8,8,2,1024,128,8,0,4,256,16,0,4,0,0,0,0.6980817017383348
2,0,0,0,2,8,0,0,1024,128,16,0,8,256,16,2,0.698996605672461
4,8,32,2,1024,128,0,0,8,256,0,2,0,0,0,0,0.6999115096065873
4,8,32,4,1024,128,0,0,8,256,0,0,0,0,2,0,0.7008264135407136
2,0,0,0,4,8,0,0,1024,128,32,0,8,256,2,4,0.7017413174748398
2,8,32,4,4,128,2,0,1024,256,0,2,8,0,0,0,0.7026562214089661
2,8,32,4,0,4,128,2,0,1024,256,2,0,0,2,8,0.7035711253430924
2,8,32,4,2,4,128,4,0,1024,256,8,0,0,2,0,0.7044860292772186
0,0,32,0,0,8,128,0,2,4,256,8,4,1024,2,8,0.7054009332113449
2,8,32,16,4,4,128,0,0,1024,256,0,2,0,2,0,0.7063158371454712
2,8,32,16,0,0,8,128,0,0,1024,256,0,0,2,4,0.7072307410795974
2,8,32,16,0,0,8,128,0,0,1024,256,0,0,2,4,0.7081456450137237
0,2,32,16,0,0,8,128,0,0,1024,256,2,8,2,4,0.7090605489478499
2,2,32,16,0,8,8,128,2,0,1024,256,0,0,2,4,0.7099754528819762
4,2,32,16,0,8,8,128,0,0,1024,256,0,4,2,4,0.7108903568161025
4,2,32,16,0,2,16,128,0,0,1024,256,0,4,2,4,0.7118052607502287
2,0,32,16,0,0,16,128,0,4,1024,256,4,4,2,4,0.712720164684355
0,0,32,16,0,2,16,128,2,0,1024,256,4,8,2,4,0.7136350686184812
32,16,2,0,2,16,128,0,2,1024,256,0,4,8,2,4,0.7145499725526074
32,32,2,4,4,1024,128,2,4,8,256,0,0,0,2,0,0.7154648764867337
0,64,2,4,4,1024,128,2,0,4,8,256,2,0,0,2,0.7163797804208599
64,2,4,2,4,1024,128,2,4,8,256,0,4,0,0,0,0.7172946843549862
64,2,4,2,4,1024,128,2,0,4,8,256,0,0,2,4,0.7182095882891125
64,2,4,4,4,1024,128,256,0,4,8,4,4,0,2,0,0.7191244922232387
64,2,8,0,4,1024,128,256,4,8,4,0,4,2,0,4,0.720039396157365
0,64,2,8,4,1024,128,256,2,4,8,4,0,4,2,4,0.7209543000914913
2,0,2,0,0,64,128,8,4,1024,8,256,2,8,2,8,0.7218692040256175
4,0,0,0,64,128,8,2,4,1024,8,256,2,8,2,8,0.7227841079597438
4,128,16,2,64,1024,2,256,4,8,2,8,2,0,0,0,0.7236990118938701
4,128,16,2,64,1024,4,256,4,8,0,8,2,0,0,2,0.7246139158279963
4,128,16,2,64,1024,4,256,4,16,0,0,4,0,2,0,0.7255288197621226
4,128,16,2,64,1024,4,256,4,16,2,0,4,2,0,0,0.7264437236962488
4,128,16,2,64,1024,4,256,2,4,16,2,0,0,4,2,0.7273586276303751
4,128,16,2,64,1024,4,256,2,4,16,2,4,2,2,0,0.7282735315645014
4,128,16,2,64,1024,4,256,2,4,16,2,4,4,2,0,0.7291884354986276
4,128,16,2,64,1024,4,256,2,8,16,2,4,0,2,2,0.7301033394327539
4,128,16,2,64,1024,4,256,2,8,16,2,4,4,0,2,0.7310182433668801
4,128,16,2,64,1024,4,256,2,8,16,2,8,2,0,2,0.7319331473010063
4,128,16,2,64,1024,4,256,2,8,16,4,8,2,2,0,0.7328480512351326
4,128,16,2,64,1024,4,2,2,8,16,256,8,2,2,4,0.7337629551692589
4,128,16,2,64,1024,4,2,2,8,16,256,2,8,4,4,0.7346778591033851
4,128,16,4,64,1024,4,256,4,16,16,4,0,0,4,2,0.7355927630375114
4,128,16,4,64,1024,4,256,4,32,4,4,4,2,0,0,0.7365076669716376
4,128,16,4,64,1024,8,256,8,32,0,4,0,2,0,2,0.7374225709057639
4,128,16,4,64,1024,8,256,8,32,0,4,0,2,0,2,0.7383374748398902
4,128,16,4,64,1024,8,256,8,32,4,2,4,0,0,0,0.7392523787740164
4,128,16,4,64,1024,8,256,8,32,4,2,4,0,0,0,0.7401672827081427
4,128,16,4,64,1024,8,256,8,32,4,2,4,0,0,0,0.741082186642269
4,128,16,4,64,1024,8,256,8,32,4,2,0,2,0,4,0.7419970905763952
0,128,2,4,4,1024,16,256,64,32,8,2,8,2,4,4,0.7429119945105215
128,2,4,0,4,1024,16,256,64,32,8,2,8,2,8,2,0.7438268984446477
128,2,4,256,4,1024,16,4,64,32,16,0,8,2,2,0,0.744741802378774
128,2,0,2,4,1024,4,0,64,32,32,256,8,2,2,4,0.7456567063129003
128,4,0,0,4,1024,4,0,64,64,256,2,8,4,4,0,0.7465716102470265
128,4,2,0,4,1024,4,0,128,256,2,0,8,8,0,0,0.7474865141811528
2,128,4,2,0,4,1024,4,0,128,256,2,0,0,0,16,0.748401418115279
2,128,4,2,0,4,1024,4,0,128,256,2,0,0,0,16,0.7493163220494052
2,128,4,2,4,1024,4,2,128,256,2,0,16,0,0,0,0.7502312259835315
2,128,8,4,4,1024,2,0,128,256,2,0,16,0,0,0,0.7511461299176578
2,128,8,4,4,1024,2,0,128,256,2,0,16,0,0,0,0.752061033851784
2,0,4,0,4,128,0,0,128,1024,8,0,16,256,4,4,0.7529759377859103
0,0,2,4,0,2,4,128,0,128,1024,8,0,16,256,8,0.7538908417200365
2,0,2,0,0,2,4,4,0,128,1024,128,0,16,256,16,0.7548057456541628
0,2,2,0,0,2,4,4,0,128,1024,128,2,16,256,16,0.7557206495882891
0,2,2,0,0,4,4,4,0,128,1024,128,2,16,256,16,0.7566355535224153
2,2,2,4,0,4,4,128,0,128,1024,16,0,16,256,2,0.7575504574565416
2,2,2,4,0,4,4,128,0,128,1024,16,0,16,256,2,0.7584653613906679
0,2,4,4,0,0,8,128,0,128,1024,16,2,16,256,2,0.7593802653247941
2,8,0,2,8,128,0,0,128,1024,16,0,2,16,256,2,0.7602951692589204
2,8,16,4,8,128,256,0,128,1024,0,0,2,16,0,2,0.7612100731930466
2,8,16,4,0,8,128,256,0,0,128,1024,2,2,16,2,0.7621249771271729
4,16,16,4,2,2,256,256,0,0,16,1024,0,0,0,2,0.7630398810612992
4,32,4,0,4,512,0,0,16,1024,0,2,2,0,0,0,0.7639547849954254
0,0,0,0,8,32,0,0,16,512,0,4,2,1024,4,2,0.7648696889295516
0,0,0,2,8,32,0,0,16,512,4,0,2,1024,4,2,0.765784592863678
2,0,0,2,8,32,0,0,16,512,4,0,2,1024,4,2,0.7666994967978041
2,32,8,4,8,512,0,0,16,1024,0,0,2,0,0,2,0.7676144007319304
2,32,8,4,0,0,8,512,0,0,16,1024,2,0,0,4,0.7685293046660567
0,0,0,4,0,0,0,512,0,2,16,1024,4,32,16,4,0.7694442086001829
0,0,0,4,0,0,0,512,0,2,16,1024,4,32,16,4,0.7703591125343092
4,2,32,4,0,32,0,512,0,0,0,1024,2,0,0,4,0.7712740164684354
4,2,32,4,0,0,32,512,0,0,0,1024,2,0,2,4,0.7721889204025617
2,0,0,4,0,0,0,512,4,0,64,1024,2,2,2,4,0.773103824336688
2,4,0,0,512,4,0,0,4,64,1024,0,4,2,4,0,0.7740187282708142
0,2,0,0,2,8,0,0,512,64,1024,0,8,2,4,0,0.7749336322049405
0,2,0,0,2,8,0,0,512,64,1024,0,8,2,4,0,0.7758485361390668
0,2,0,0,2,8,0,0,512,64,1024,0,8,2,4,0,0.776763440073193
2,2,1024,0,512,8,4,0,8,64,2,0,0,2,0,0,0.7776783440073193
0,0,4,1024,0,512,8,4,2,8,64,2,0,0,0,2,0.7785932479414456
0,0,4,1024,0,512,8,4,2,8,64,2,0,0,0,2,0.7795081518755718
2,512,4,1024,0,8,8,4,0,0,64,4,2,0,0,0,0.7804230558096981
4,512,4,1024,0,8,8,8,0,0,64,0,0,2,0,0,0.7813379597438243
4,512,4,1024,0,0,8,16,0,0,0,64,0,0,2,2,0.7822528636779505
4,512,4,1024,2,0,8,16,0,0,2,64,0,0,0,2,0.7831677676120768
0,0,0,1024,4,0,4,16,4,0,8,64,2,512,2,2,0.784082671546203
0,0,0,1024,0,0,8,16,2,4,8,64,0,2,512,4,0.7849975754803293
0,0,0,1024,0,0,8,16,2,4,8,64,0,2,512,4,0.7859124794144556
0,0,0,1024,0,0,0,16,2,4,16,64,2,2,512,4,0.7868273833485818
0,0,2,1024,0,0,0,16,2,4,16,64,0,4,512,4,0.7877422872827081
2,8,2,1024,2,0,16,16,0,0,512,64,0,0,0,4,0.7886571912168343
2,8,2,1024,2,0,2,32,0,0,512,64,0,0,0,4,0.7895720951509606
0,0,2,1024,0,0,0,32,0,0,4,64,4,8,512,4,0.7904869990850869
2,1024,0,0,32,0,2,0,4,64,0,0,4,8,512,4,0.7914019030192131
0,0,2,1024,0,0,32,2,2,0,4,64,4,8,512,4,0.7923168069533394
2,8,2,1024,4,0,32,2,0,0,4,64,0,2,512,4,0.7932317108874657
0,0,2,1024,2,0,32,2,2,8,4,64,4,2,512,4,0.7941466148215919
0,0,2,1024,2,0,32,2,4,8,4,64,4,2,512,4,0.7950615187557182
4,0,2,1024,0,2,32,2,4,8,4,64,4,2,512,4,0.7959764226898445
4,2,1024,2,2,32,2,0,4,8,4,64,4,2,512,4,0.7968913266239707
4,2,1024,2,2,2,32,2,4,8,4,64,4,2,512,4,0.797806230558097
4,4,1024,4,2,8,32,64,8,2,4,4,0,2,512,0,0.7987211344922232
0,8,1024,4,2,8,32,64,0,8,2,8,0,2,2,512,0.7996360384263494
0,8,1024,4,2,8,32,64,0,8,2,8,2,0,4,512,0.8005509423604757
8,1024,4,2,2,8,32,64,8,2,8,0,2,4,512,0,0.8014658462946019
8,1024,4,2,2,8,32,64,0,8,2,8,2,2,4,512,0.8023807502287282
8,1024,4,2,4,16,32,64,0,2,2,8,0,4,4,512,0.8032956541628545
0,1024,4,2,2,16,32,64,8,2,2,8,4,4,4,512,0.8042105580969807
2,1024,4,2,8,16,32,64,4,2,2,8,2,4,4,512,0.805125462031107
2,1024,4,2,8,16,32,64,4,4,8,2,2,8,512,0,0.8060403659652333
2,1024,4,2,8,16,32,2,4,4,8,64,2,8,512,2,0.8069552698993595
2,1024,4,4,8,16,32,64,4,4,8,2,2,8,512,2,0.8078701738334858
2,2,1024,8,8,16,32,64,0,8,8,2,2,8,512,2,0.808785077767612
4,0,1024,0,2,2,32,8,8,16,8,64,2,16,512,4,0.8096999817017383
4,2,1024,8,2,32,32,64,8,0,8,4,2,0,512,2,0.8106148856358646
4,2,1024,8,2,2,64,64,0,0,16,4,0,2,512,2,0.8115297895699908
4,4,1024,8,2,2,64,64,0,0,16,4,2,0,512,2,0.8124446935041171
0,8,1024,8,0,0,4,128,0,0,16,4,4,2,512,2,0.8133595974382434
4,8,1024,8,0,2,4,128,0,2,16,4,0,0,512,2,0.8142745013723696
4,8,1024,8,2,4,128,4,2,16,4,0,512,2,0,0,0.8151894053064959
4,8,1024,8,2,4,128,4,2,2,16,4,0,0,512,2,0.816104309240622
0,0,1024,2,0,8,128,8,4,4,16,8,4,2,512,2,0.8170192131747483
8,8,1024,2,4,4,128,16,0,2,16,2,0,0,512,0,0.8179341171088746
8,8,1024,2,4,4,128,16,0,2,16,2,0,0,512,0,0.8188490210430008
0,16,1024,2,0,8,128,16,0,2,16,2,2,0,0,512,0.8197639249771271
16,1024,2,0,8,128,16,2,2,16,2,0,2,512,0,0,0.8206788289112534
0,16,1024,2,8,128,16,2,0,2,16,2,0,4,2,512,0.8215937328453796
0,16,2,0,0,128,1024,2,0,2,32,4,8,4,2,512,0.8225086367795059
16,2,0,0,128,1024,2,0,2,32,4,2,8,4,2,512,0.8234235407136322
16,2,2,2,128,1024,4,512,2,32,2,2,8,4,0,0,0.8243384446477584
16,4,2,0,128,1024,4,512,2,32,4,0,8,4,2,0,0.8252533485818847
16,4,2,0,128,1024,4,512,2,32,4,0,8,4,2,0,0.8261682525160109
16,4,2,0,128,1024,4,512,2,32,4,0,8,4,2,0,0.8270831564501372
16,4,0,2,128,1024,2,0,2,32,8,0,8,4,2,512,0.8279980603842635
16,4,2,2,128,1024,8,512,2,32,2,0,8,4,2,0,0.8289129643183897
16,4,4,2,128,1024,8,512,2,32,2,0,8,4,2,0,0.829827868252516
0,16,8,2,128,1024,8,512,0,2,32,2,2,8,4,2,0.8307427721866423
0,16,8,2,128,1024,8,512,0,2,32,2,2,8,4,2,0.8316576761207685
128,16,16,2,2,1024,32,512,0,2,4,4,0,8,0,2,0.8325725800548948
0,128,32,2,2,1024,32,512,0,0,2,8,0,2,8,2,0.833487483989021
0,128,32,2,2,1024,32,512,0,0,2,8,0,2,8,2,0.8344023879231472
0,0,0,2,0,128,64,512,2,1024,2,8,2,2,8,2,0.8353172918572735
0,0,0,2,2,128,64,512,2,1024,2,8,0,4,8,2,0.8362321957913997
0,0,0,2,2,128,64,512,2,1024,2,8,0,4,8,2,0.837147099725526
0,0,2,2,0,128,64,512,0,1024,2,8,4,4,8,2,0.8380620036596523
0,0,0,4,2,128,64,512,0,1024,2,8,0,8,8,2,0.8389769075937785
4,0,0,0,2,128,64,512,1024,2,8,0,16,2,2,0,0.8398918115279048
4,128,64,512,2,4,8,0,1024,4,2,0,16,0,0,0,0.8408067154620311
4,128,64,512,2,8,8,2,1024,0,2,0,16,0,0,0,0.8417216193961573
4,128,64,512,0,2,16,2,0,2,1024,2,0,0,0,16,0.8426365233302836
4,128,64,512,0,2,16,2,0,2,1024,2,0,0,0,16,0.8435514272644098
4,128,64,512,0,2,16,2,0,2,1024,2,0,0,0,16,0.8444663311985361
0,0,0,0,0,0,64,512,2,128,16,4,4,4,1024,16,0.8453812351326624
2,128,64,512,4,4,16,4,0,0,1024,16,0,0,0,2,0.8462961390667886
2,128,64,512,4,4,16,4,0,0,1024,16,0,0,0,2,0.8472110430009149
2,128,64,512,8,16,4,0,1024,16,0,2,2,0,0,0,0.8481259469350412
2,128,64,512,0,8,16,4,0,1024,16,2,0,2,0,2,0.8490408508691674
2,128,64,512,8,16,4,0,1024,16,2,0,4,0,0,2,0.8499557548032937
2,128,64,512,8,32,4,2,1024,2,2,0,4,0,0,0,0.85087065873742
2,128,64,512,8,32,4,2,2,0,1024,4,0,0,0,4,0.8517855626715461
2,128,64,512,8,32,4,2,2,0,1024,8,0,2,0,0,0.8527004666056724
0,0,2,0,2,128,64,512,8,32,4,2,2,2,1024,8,0.8536153705397986
2,128,2,512,8,32,64,2,2,2,4,8,0,4,1024,0,0.8545302744739249
2,128,2,512,8,32,64,2,4,4,8,0,4,1024,2,0,0.8554451784080512
2,128,2,512,8,32,64,2,2,0,8,8,0,4,1024,2,0.8563600823421774
2,0,2,512,2,128,64,2,8,32,8,8,2,4,1024,2,0.8572749862763037
0,2,2,512,4,128,64,2,8,32,8,8,2,4,1024,2,0.85818989021043
0,2,4,512,4,128,64,2,0,8,32,16,2,4,1024,2,0.8591047941445562
2,2,4,512,0,128,64,2,4,8,32,16,2,4,1024,2,0.8600196980786825
2,2,4,512,4,128,64,2,2,8,32,16,2,4,1024,2,0.8609346020128087
2,2,4,512,4,128,64,2,4,8,32,16,2,4,1024,2,0.861849505946935
2,2,4,512,2,128,64,2,8,8,32,16,2,4,1024,2,0.8627644098810613
4,4,512,2,2,128,64,2,16,32,16,0,2,4,1024,2,0.8636793138151875
4,4,512,4,2,128,64,2,16,32,16,2,2,4,1024,0,0.8645942177493138
2,8,512,4,2,128,64,2,16,32,16,2,0,2,4,1024,0.8655091216834401
2,8,512,4,2,128,64,2,16,32,16,2,2,4,1024,4,0.8664240256175663
0,8,512,2,4,128,64,4,16,32,16,4,2,4,1024,4,0.8673389295516926
0,8,512,2,4,128,64,4,16,32,16,4,2,4,1024,4,0.8682538334858189
0,8,512,2,4,128,64,2,16,32,16,4,2,4,1024,8,0.869168737419945
2,8,512,0,4,128,64,4,16,32,16,4,2,4,1024,8,0.8700836413540713
2,2,8,512,4,128,64,4,16,32,16,4,2,4,1024,8,0.8709985452881975
2,4,8,512,4,128,64,4,16,32,16,4,2,4,1024,8,0.8719134492223238
2,4,8,512,4,128,64,4,16,32,16,4,2,4,1024,8,0.8728283531564501
2,4,8,512,4,128,64,4,16,32,16,4,2,4,1024,8,0.8737432570905763
2,4,8,512,4,128,64,4,16,32,16,4,2,4,1024,8,0.8746581610247026
2,4,8,2,4,128,64,512,16,32,16,8,2,4,1024,8,0.8755730649588289
2,4,8,2,4,128,64,512,16,32,16,16,2,4,1024,2,0.8764879688929551
2,4,8,2,4,128,64,512,2,16,32,32,2,4,1024,2,0.8774028728270814
2,4,8,2,4,128,64,512,2,16,64,2,2,4,1024,2,0.8783177767612077
2,4,8,2,4,128,64,512,2,16,64,2,2,4,1024,2,0.8792326806953339
2,4,8,2,4,128,128,512,4,16,1024,4,2,4,0,0,0.8801475846294602
2,4,8,2,4,256,512,0,4,16,1024,4,2,4,4,0,0.8810624885635864
2,4,8,2,2,4,256,512,4,16,1024,4,0,0,2,8,0.8819773924977127
2,4,8,2,2,4,256,512,4,16,1024,4,2,8,0,2,0.882892296431839
4,8,8,2,4,16,256,512,2,8,1024,4,0,2,0,2,0.8838072003659652
4,16,2,2,4,16,256,512,2,8,1024,4,4,0,0,0,0.8847221043000915
8,32,2,2,2,8,256,512,4,2,1024,4,0,0,0,0,0.8856370082342178
0,8,32,4,2,8,256,512,4,2,1024,4,0,0,2,0,0.886551912168344
2,16,32,4,4,2,256,512,0,0,1024,4,2,0,2,0,0.8874668161024702
2,16,32,4,4,2,256,512,0,0,1024,4,0,0,2,4,0.8883817200365964
0,0,32,0,2,0,256,4,2,16,1024,512,4,2,2,8,0.8892966239707227
4,16,32,4,4,2,256,512,0,0,1024,8,0,2,2,0,0.890211527904849
4,16,32,4,4,2,256,512,0,0,1024,8,0,0,2,4,0.8911264318389752
4,16,32,4,4,2,256,512,0,0,1024,8,0,0,2,4,0.8920413357731015
0,0,32,4,0,0,256,512,2,16,1024,8,8,2,2,4,0.8929562397072278
0,2,32,4,0,0,256,512,2,16,1024,8,0,8,4,4,0.893871143641354
2,0,32,4,0,2,256,512,0,16,1024,8,2,8,4,4,0.8947860475754803
2,2,32,4,0,2,256,512,0,16,1024,8,0,2,8,8,0.8957009515096066
4,32,4,0,2,256,512,0,16,1024,8,0,2,16,0,2,0.8966158554437328
0,4,32,4,4,2,256,512,0,16,1024,8,0,2,16,2,0.8975307593778591
4,4,32,4,0,2,256,512,0,16,1024,8,2,2,16,2,0.8984456633119853
8,32,4,0,2,256,512,0,16,1024,8,0,4,16,2,2,0.8993605672461116
8,32,4,0,2,256,512,2,16,1024,8,0,4,16,4,0,0.9002754711802379
0,8,32,4,2,256,512,2,0,16,1024,8,2,4,16,4,0.9011903751143641
0,8,32,4,0,256,512,2,4,16,1024,8,4,4,16,4,0.9021052790484904
8,8,32,4,0,256,512,2,2,16,1024,8,0,4,16,4,0.9030201829826167
16,32,4,2,256,512,2,0,2,16,1024,8,4,16,4,0,0.9039350869167428
16,32,4,2,256,512,2,0,2,16,1024,8,4,16,4,0,0.9048499908508691
16,2,4,0,256,32,2,0,2,512,1024,2,4,32,4,8,0.9057648947849953
2,16,2,4,0,256,32,2,2,512,1024,2,4,32,4,8,0.9066797987191216
2,16,2,0,0,256,32,4,4,512,1024,4,4,32,4,8,0.9075947026532479
0,16,2,0,0,256,32,2,2,512,1024,8,8,32,4,8,0.9085096065873741
0,0,16,2,2,256,32,2,2,512,1024,8,8,32,4,8,0.9094245105215004
4,256,16,4,8,512,32,16,0,32,1024,0,0,2,4,0,0.9103394144556267
4,256,16,4,8,512,32,16,0,0,32,1024,0,2,2,4,0.9112543183897529
0,0,2,4,0,256,16,16,4,512,64,1024,8,2,2,4,0.9121692223238792
2,4,2,0,256,32,0,0,4,512,64,1024,8,4,4,0,0.9130841262580055
0,2,4,2,0,0,256,32,4,512,64,1024,2,0,8,8,0.9139990301921317
0,0,4,2,0,2,256,32,4,2,64,1024,2,512,8,8,0.914913934126258
4,2,0,2,2,256,32,0,4,2,64,1024,2,512,16,0,0.9158288380603842
0,0,4,4,0,2,256,32,4,2,64,1024,2,2,512,16,0.9167437419945105
0,0,4,4,2,0,256,32,4,2,64,1024,2,4,512,16,0.9176586459286368
2,0,0,8,0,2,256,32,4,2,64,1024,2,4,512,16,0.918573549862763
2,4,256,8,4,4,64,32,2,2,512,1024,0,0,0,16,0.9194884537968893
2,4,256,8,2,8,64,32,0,4,512,1024,0,0,0,16,0.9204033577310156
0,0,0,8,2,4,256,32,0,8,64,1024,4,4,512,16,0.9213182616651417
0,0,0,8,2,4,256,32,0,8,64,1024,2,8,512,16,0.922233165599268
8,0,0,2,2,4,256,32,8,64,1024,0,2,8,512,16,0.9231480695333943
0,2,8,2,2,4,256,32,0,8,64,1024,2,8,512,16,0.9240629734675205
0,0,8,2,2,2,256,32,0,4,64,1024,4,16,512,16,0.9249778774016468
0,0,8,2,2,4,256,32,0,4,64,1024,4,16,512,16,0.925892781335773
0,0,8,2,2,0,256,32,2,8,64,1024,4,16,512,16,0.9268076852698993
4,8,8,2,4,16,256,32,0,2,64,1024,0,0,512,16,0.9277225892040256
4,16,2,0,4,16,256,32,2,64,1024,0,512,16,2,0,0.9286374931381518
4,16,2,0,4,16,256,32,2,64,1024,0,512,16,2,0,0.9295523970722781
8,32,2,32,2,64,256,0,512,16,1024,2,0,0,2,0,0.9304673010064044
8,32,2,32,2,64,256,2,512,16,1024,2,2,0,0,0,0.9313822049405306
8,0,0,0,2,32,2,2,512,64,256,32,2,16,1024,4,0.9322971088746569
8,0,0,0,2,32,2,2,512,64,256,32,2,16,1024,4,0.9332120128087831
8,0,0,0,2,32,2,2,512,64,256,32,2,16,1024,4,0.9341269167429094
0,0,0,8,4,2,32,4,512,64,256,32,2,16,1024,4,0.9350418206770357
0,0,0,8,4,2,32,4,512,64,256,32,2,16,1024,4,0.9359567246111619
8,0,0,2,4,2,32,4,512,64,256,32,2,16,1024,4,0.9368716285452882
8,2,2,0,4,2,32,4,512,64,256,32,2,16,1024,4,0.9377865324794145
8,4,2,4,4,64,32,32,512,16,256,4,2,2,1024,0,0.9387014364135406
8,4,2,4,0,4,64,64,512,16,256,4,0,2,4,1024,0.939616340347667
8,8,2,4,512,16,64,64,2,2,256,4,0,0,4,1024,0.9405312442817932
16,2,4,0,512,16,128,0,4,256,4,0,4,1024,2,0,0.9414461482159194
16,2,4,0,512,16,128,0,4,256,4,0,4,1024,2,0,0.9423610521500457
16,2,4,0,512,16,128,0,4,256,4,0,4,1024,2,0,0.9432759560841719
0,2,4,0,16,16,128,4,512,256,4,0,8,1024,2,0,0.9441908600182982
2,4,0,0,32,128,4,0,512,256,4,0,8,1024,2,2,0.9451057639524245
2,0,2,4,0,32,128,4,0,512,256,4,0,8,1024,4,0.9460206678865507
2,32,2,8,0,512,128,8,2,8,256,0,0,0,1024,0,0.946935571820677
2,32,2,8,512,128,8,0,2,8,256,0,1024,4,0,0,0.9478504757548033
2,32,0,2,512,128,2,0,2,8,8,0,1024,4,256,8,0.9487653796889295
2,32,0,0,512,128,2,2,2,8,8,2,1024,4,256,8,0.9496802836230558
2,32,2,4,512,128,8,8,2,8,256,0,1024,4,2,0,0.950595187557182
2,32,2,4,512,128,8,8,2,8,256,0,1024,4,2,0,0.9515100914913083
2,32,2,4,512,128,16,0,2,8,256,2,1024,4,2,0,0.9524249954254346
2,32,2,0,512,128,16,2,2,8,256,4,1024,4,2,2,0.9533398993595608
2,32,2,2,512,128,16,2,2,8,256,4,1024,4,4,0,0.9542548032936871
2,32,2,0,512,128,16,2,2,8,256,4,1024,4,4,4,0.9551697072278134
0,2,32,2,512,128,16,2,2,8,256,4,2,1024,4,8,0.9560846111619395
0,2,32,2,512,128,16,2,2,8,256,4,2,1024,4,8,0.9569995150960658
512,2,32,4,4,128,16,4,2,8,256,8,0,1024,4,0,0.9579144190301921
512,2,32,8,4,128,16,8,2,8,256,2,0,1024,4,0,0.9588293229643183
512,2,32,8,4,128,16,8,2,8,256,2,1024,4,0,2,0.9597442268984446
512,2,2,0,4,128,32,0,2,8,16,16,1024,4,256,4,0.9606591308325708
0,0,512,4,0,4,128,32,2,2,8,32,1024,4,256,4,0.9615740347666971
512,4,0,0,4,128,32,2,4,8,32,0,1024,4,256,4,0.9624889387008234
0,4,0,0,512,128,0,2,8,8,64,2,1024,4,256,4,0.9634038426349496
4,0,2,0,512,128,2,0,16,64,2,0,1024,4,256,4,0.9643187465690759
4,0,0,4,512,128,2,0,16,64,4,0,1024,4,256,4,0.9652336505032022
0,2,0,8,0,512,128,2,0,16,64,4,1024,4,256,4,0.9661485544373284
0,2,0,2,0,512,128,8,0,16,64,2,1024,4,256,8,0.9670634583714547
4,0,0,2,512,128,8,0,16,64,2,0,1024,4,256,8,0.967978362305581
4,128,8,2,512,64,2,8,16,4,256,0,1024,0,0,2,0.9688932662397072
4,0,2,0,512,128,8,2,16,64,2,8,1024,4,256,2,0.9698081701738335
0,2,4,2,512,128,8,2,16,64,2,8,1024,4,256,2,0.9707230741079597
2,4,2,2,512,128,8,2,16,64,2,8,1024,4,256,2,0.971637978042086
2,4,4,2,512,128,8,2,16,64,2,8,1024,4,256,2,0.9725528819762123
2,4,4,2,512,128,8,4,16,64,2,8,1024,4,256,2,0.9734677859103384
2,4,4,2,512,128,8,4,16,64,2,8,1024,4,256,2,0.9743826898444647
2,8,2,2,512,128,8,4,16,64,2,8,1024,4,256,2,0.975297593778591
2,2,8,4,512,128,8,4,16,64,2,8,1024,4,256,2,0.9762124977127172
2,2,0,4,512,128,16,8,16,64,2,8,1024,4,256,2,0.9771274016468435
0,2,4,4,512,128,16,8,16,64,2,8,1024,4,256,2,0.9780423055809697
0,2,2,8,512,128,16,8,16,64,2,8,1024,4,256,2,0.978957209515096
0,2,4,8,512,128,16,8,16,64,2,8,1024,4,256,2,0.9798721134492223
0,2,4,8,512,128,16,8,16,64,2,8,1024,4,256,2,0.9807870173833485
512,2,4,16,16,128,16,8,1024,64,2,2,0,4,256,2,0.9817019213174748
512,2,4,16,16,128,16,8,1024,64,4,2,4,256,2,0,0.9826168252516011
512,2,4,2,16,128,16,16,1024,64,4,8,4,256,2,2,0.9835317291857273
512,2,4,2,16,128,32,0,1024,64,4,8,4,256,4,2,0.9844466331198536
512,2,4,2,16,128,32,8,1024,64,8,2,4,256,2,0,0.9853615370539799
512,2,4,2,16,128,32,2,1024,64,8,8,4,256,2,2,0.9862764409881061
512,2,4,2,16,128,32,2,1024,64,16,0,4,256,4,2,0.9871913449222324
512,2,4,4,16,128,32,2,1024,64,16,2,4,256,4,0,0.9881062488563586
2,512,2,8,16,128,32,2,1024,64,16,2,0,4,256,4,0.9890211527904849
2,512,2,8,16,128,32,4,1024,64,16,4,4,4,256,0,0.9899360567246112
2,512,2,8,16,128,32,8,1024,64,16,0,4,4,256,2,0.9908509606587373
2,512,2,8,16,128,32,8,1024,64,16,2,8,256,2,0,0.9917658645928636
2,512,2,0,16,128,32,2,1024,64,16,16,8,256,2,2,0.9926807685269899
2,512,2,0,16,128,32,2,1024,64,32,0,8,256,4,2,0.9935956724611161
2,512,4,0,16,128,2,0,1024,64,64,0,8,256,4,4,0.9945105763952424
2,512,4,0,16,128,2,2,1024,128,0,0,8,256,8,0,0.9954254803293686
2,512,4,2,16,256,2,0,1024,256,8,2,8,0,0,0,0.9963403842634949
2,512,4,4,16,512,2,2,1024,0,8,0,8,0,0,0,0.9972552881976212
2,0,0,0,16,2,4,0,1024,0,2,4,8,1024,8,2,0.9981701921317474
0,0,2,2,0,16,2,4,0,1024,2,4,8,1024,8,2,0.9990850960658737
0,0,0,0,2,0,2,2,0,16,4,8,8,2048,8,2,1.0
